PlayerName	Position	Salary	NextSalary	SalaryCap	Team
Tony Romo	QB	9000000	11500000	18905000	Dallas Cowboys
Anthony Spencer	LB	8800000	0	8800000	Dallas Cowboys
Jay Ratliff	DE	4875000	0	6475000	Dallas Cowboys
Terence Newman (buyout)	CB	4800000	0	4800000	Dallas Cowboys
Orlando Scandrick	CB	4700000	0	7700000	Dallas Cowboys
DeMarcus Ware	LB	4500000	5500000	10303000	Dallas Cowboys
Jason Witten	TE	3641000	0	5841000	Dallas Cowboys
Marcus Spears	DE	2000000	2000000	2700000	Dallas Cowboys
Kenyon Coleman	DE	1900000	0	2245000	Dallas Cowboys
Jason Hatcher	DE	1500000	2000000	2100000	Dallas Cowboys
Dez Bryant	WR	1335000	1557500	3660000	Dallas Cowboys
Doug Free	T	1200000	7000000	5375000	Dallas Cowboys
Felix Jones	RB	1170000	0	1884000	Dallas Cowboys
Miles Austin	WR	1150000	6732000	2720000	Dallas Cowboys
Brodney Pool	S	1100000	0	1200000	Dallas Cowboys
Mike Jenkins	CB	1052000	0	1672000	Dallas Cowboys
Gerald Sensabaugh	S	1000000	3000000	1140000	Dallas Cowboys
Mackenzy Bernadeau	G	1000000	1750000	1812500	Dallas Cowboys
Tyron Smith	T	943004	0	2840022	Dallas Cowboys
Kyle Orton	QB	900000	1350000	2566667	Dallas Cowboys
Lawrence Vickers	RB	800000	1200000	915000	Dallas Cowboys
L.P. Ladouceur	DE	790000	0	964000	Dallas Cowboys
Kyle Kosier (buyout)	G	700000	0	700000	Dallas Cowboys
Victor Butler	DE	615000	0	739635	Dallas Cowboys
John Phillips	TE	565000	0	584562	Dallas Cowboys
Stephen McGee	QB	565000	0	698000	Dallas Cowboys
Tony Fiammetta	FB	565000	0	673953	Dallas Cowboys
Bruce Carter	LB	545664	766327	1053164	Dallas Cowboys
Clifton Geathers	DE	540000	0	540000	Dallas Cowboys
Danny McCray	CB	540000	0	540000	Dallas Cowboys
Jeremy Parnell	T	540000	0	540000	Dallas Cowboys
Sean Lee	LB	540000	575000	840000	Dallas Cowboys
Sean Lissemore	DT	540000	575000	552150	Dallas Cowboys
DeMarco Murray	RB	510281	0	675781	Dallas Cowboys
Barry Church	CB	490000	0	494000	Dallas Cowboys
Josh Brent	DT	490000	575000	501875	Dallas Cowboys
Phil Costa	G	490000	0	494000	Dallas Cowboys
Alex Albright	LB	465000	555000	465000	Dallas Cowboys
Andre Holmes	WR	465000	555000	465000	Dallas Cowboys
Bill Nagy	C	465000	555000	476475	Dallas Cowboys
Chris Jones	PR	465000	555000	465000	Dallas Cowboys
Dan Bailey	K	465000	555000	465000	Dallas Cowboys
David Arkin	T	465000	555000	590000	Dallas Cowboys
Dwayne Harris	WR	465000	555000	514145	Dallas Cowboys
Kai Forbath	KR	465000	555000	465000	Dallas Cowboys
Kevin Kowalski	C	465000	555000	465000	Dallas Cowboys
Shaun Chapas	FB	465000	555000	479213	Dallas Cowboys
David Buehler (buyout)	K	37125	0	37125	Dallas Cowboys
Antrel Rolle	S	6750000	7000000	9100000	New York Giants
Corey Webster	CB	6500000	7000000	6750000	New York Giants
Chris Canty	DE	6000000	6250000	7666667	New York Giants
Chris Snee	G	5200000	6200000	7783333	New York Giants
Mathias Kiwanuka	LB	4000000	0	5550000	New York Giants
Michael Boley	LB	4000000	4250000	5650000	New York Giants
Osi Umenyiora	DE	3975000	0	4617857	New York Giants
Justin Tuck	DE	3200000	4000000	7500000	New York Giants
Ahmad Bradshaw	RB	3000000	3750000	4500000	New York Giants
Martellus Bennett	TE	2500000	0	2500000	New York Giants
Kenny Phillips	S	2080000	0	3186000	New York Giants
Brandon Jacobs (buyout)	RB	1962500	0	1962500	New York Giants
Eli Manning	QB	1750000	13000000	9600000	New York Giants
Kevin Boothe	G	1500000	0	1500000	New York Giants
Lawrence Tynes	K	1300000	0	1550000	New York Giants
David Diehl	T	1200000	4100000	2700000	New York Giants
Terrell Thomas	CB	1000000	750000	1250000	New York Giants
David Baas	G	900000	4250000	3375000	New York Giants
Zak DeOssie	LB	874000	0	1054667	New York Giants
Jason Pierre-Paul	DE	825000	1175000	3150961	New York Giants
Hakeem Nicks	WR	750000	925000	2050000	New York Giants
Prince Amukamara	CB	746859	1118718	1846859	New York Giants
Danny Ware	RB	650000	0	1005000	New York Giants
Domenik Hixon	WR	615000	0	615000	New York Giants
Travis Beckum	TE	615000	0	768250	New York Giants
Clint Sintim	LB	565000	0	1125000	New York Giants
Ramses Barden	WR	565000	0	1493750	New York Giants
William Beatty	T	565000	0	795000	New York Giants
Marvin Austin	DT	546627	668254	856627	New York Giants
Bruce Johnson	CB	540000	0	540000	New York Giants
Jake Ballard	TE	540000	0	540000	New York Giants
Linval Joseph	DT	540000	575000	1165000	New York Giants
Adrian Tracy	LB	490000	575000	516326	New York Giants
Chad Jones	S	490000	575000	696491	New York Giants
Mitch Petrus	G	490000	575000	537790	New York Giants
Ryan Purvis	TE	490000	575000	490000	New York Giants
Selvish Capers	T	490000	575000	502500	New York Giants
Victor Cruz	WR	490000	0	490000	New York Giants
Da'Rel Scott	RB	465000	555000	478975	New York Giants
Greg Jones	LB	465000	555000	515066	New York Giants
Henry Hynoski	RB	465000	555000	470000	New York Giants
Jacquian Williams	LB	465000	555000	484750	New York Giants
James Brewer	T	465000	555000	574616	New York Giants
Jerrel Jernigan	WR	465000	555000	608750	New York Giants
Jim Cordle	C	465000	0	465000	New York Giants
Justin Trattou	DT	465000	0	465000	New York Giants
Mark Herzlich	LB	465000	555000	465000	New York Giants
Spencer Paysinger	LB	465000	555000	465000	New York Giants
Tyler Sash	CB	465000	555000	547694	New York Giants
Phillip Dillard (buyout)	 	369480	0	0	New York Giants
Michael Vick	QB	12500000	12500000	13900000	Philadelphia Eagles
Nnamdi Asomugha	CB	11000000	15000000	11300000	Philadelphia Eagles
Asante Samuel	CB	9400000	11400000	10500000	Philadelphia Eagles
Jason Peters	T	7900000	10400000	8250000	Philadelphia Eagles
DeMeco Ryans	LB	5900000	6600000	7400000	Philadelphia Eagles
Jason Babin	DT	5575000	4225000	5775000	Philadelphia Eagles
Trent Cole	DE	3000000	3500000	4600000	Philadelphia Eagles
Darryl Tapp	DE	2575000	0	2675000	Philadelphia Eagles
Todd Herremans	G	2200000	2600000	3833333	Philadelphia Eagles
Mike Patterson	DT	2100000	2900000	4052000	Philadelphia Eagles
Antonio Dixon	DT	1927000	0	1927000	Philadelphia Eagles
Brent Celek	TE	1909000	3256000	3184000	Philadelphia Eagles
Jason Avant	WR	1500000	2000000	2210000	Philadelphia Eagles
Dominique Rodgers-Cromartie	CB	1128750	0	1128750	Philadelphia Eagles
Jeremy Maclin	WR	993250	1603000	2351370	Philadelphia Eagles
Brandon Graham	LB	827500	1250000	5025620	Philadelphia Eagles
Joselio Hanson	CB	825000	0	1050000	Philadelphia Eagles
Cullen Jenkins	DE	820000	4000000	5820000	Philadelphia Eagles
Jon Dorenbos	LS	800000	0	916455	Philadelphia Eagles
DeSean Jackson	WR	750000	6750000	3000000	Philadelphia Eagles
Danny Watkins	G	735725	1096450	1803625	Philadelphia Eagles
Akeem Jordan	LB	700000	0	700000	Philadelphia Eagles
Trent Edwards	QB	700000	0	700000	Philadelphia Eagles
Domonique Johnson	CB	615000	0	637500	Philadelphia Eagles
LeSean McCoy	RB	615000	0	957500	Philadelphia Eagles
Moise Fokou	LB	615000	0	627438	Philadelphia Eagles
Nate Allen	S	557000	575000	1157000	Philadelphia Eagles
Brandon Hughes	CB	540000	0	540000	Philadelphia Eagles
Chad Hall	WR	540000	0	540000	Philadelphia Eagles
Clay Harbor	TE	540000	575000	653250	Philadelphia Eagles
Mike Kafka	QB	540000	575000	656625	Philadelphia Eagles
Jaiquawn Jarrett	S	538580	702159	817830	Philadelphia Eagles
Curtis Marsh	CB	500000	625000	635880	Philadelphia Eagles
Colt Anderson	CB	490000	0	490000	Philadelphia Eagles
Jamar Chaney	LB	490000	575000	505000	Philadelphia Eagles
Keenan Clayton	LB	490000	575000	606698	Philadelphia Eagles
Kurt Coleman	S	490000	575000	500850	Philadelphia Eagles
Mardy Gilyard	WR	490000	575000	628000	Philadelphia Eagles
Riley Cooper	WR	490000	575000	532875	Philadelphia Eagles
Alex Henery	K	465000	555000	570045	Philadelphia Eagles
Brian Rolle	LB	465000	555000	489150	Philadelphia Eagles
Casey Matthews	LB	465000	555000	573716	Philadelphia Eagles
Cedric Thornton	DT	465000	0	465000	Philadelphia Eagles
Chas Henry	P	465000	555000	465000	Philadelphia Eagles
Dion Lewis	RB	465000	555000	512220	Philadelphia Eagles
Greg Lloyd	LB	465000	555000	465000	Philadelphia Eagles
Jason Kelce	C	465000	555000	489385	Philadelphia Eagles
Julian Vandervelde	G	465000	555000	506200	Philadelphia Eagles
Phillip Hunt	DT	465000	555000	465000	Philadelphia Eagles
Stanley Havili	FB	465000	555000	476000	Philadelphia Eagles
Brett Brackett	TE	390000	0	396666	Philadelphia Eagles
Ronald Johnson	WR	390000	480000	416055	Philadelphia Eagles
Trent Williams	T	11000000	5000000	13350000	Washington Redskins
DeAngelo Hall	CB	6000000	7500000	6500000	Washington Redskins
Fred Davis	TE	5446000	0	5446000	Washington Redskins
Chris Cooley	TE	3800000	3850000	6233333	Washington Redskins
Josh Wilson	CB	3400000	2100000	5400000	Washington Redskins
Jammal Brown	T	3250000	3500000	4550000	Washington Redskins
Stephen Bowen	DE	2900000	3900000	4400000	Washington Redskins
Jabar Gaffney	WR	2650000	0	2650000	Washington Redskins
Santana Moss	WR	2650000	4150000	4317000	Washington Redskins
Barry Cofield	DT	2550000	4050000	3633000	Washington Redskins
Cedric Griffin	CB	2500000	0	2500000	Washington Redskins
Chris Chester	G	2500000	3000000	3800000	Washington Redskins
Pierre Garcon	WR	2100000	5600000	4800000	Washington Redskins
Josh Morgan	WR	1800000	3800000	4550000	Washington Redskins
John Beck	QB	1300000	0	1300000	Washington Redskins
Reed Doughty	S	1150000	1150000	1150000	Washington Redskins
Ryan Kerrigan	LB	771377	1167000	1982377	Washington Redskins
Brian Orakpo	DE	765000	1610000	3860000	Washington Redskins
Adam Carriker	DE	700000	3700000	1750000	Washington Redskins
Kentwan Balmer	DE	700000	0	700000	Washington Redskins
Tyler Polumbus	T	700000	0	700000	Washington Redskins
Will Montgomery	CB	700000	1850000	3950000	Washington Redskins
Darrion Scott	DT	685000	700000	685000	Washington Redskins
Lorenzo Alexander	DT	650000	0	650000	Washington Redskins
Chris Baker	DT	615000	0	615000	Washington Redskins
Richard Quinn	TE	615000	0	925000	Washington Redskins
Rob Jackson	DE	615000	0	615000	Washington Redskins
Kevin Barnes	CB	565000	0	760625	Washington Redskins
Nevin McCaskill	T	555000	0	555000	Washington Redskins
Jarvis Jenkins	DT	542395	709789	1286895	Washington Redskins
Graham Gano	K	540000	0	540000	Washington Redskins
Anthony Armstrong	WR	490000	0	490000	Washington Redskins
Brandon Banks	WR	490000	0	490000	Washington Redskins
Darel Young	RB	490000	0	490000	Washington Redskins
Erik Cook	C	490000	575000	503000	Washington Redskins
Logan Paulsen	TE	490000	0	490000	Washington Redskins
Nick Sundberg	C	490000	0	490000	Washington Redskins
Perry Riley	LB	490000	575000	622500	Washington Redskins
Terrence Austin	WR	490000	575000	505500	Washington Redskins
Brandyn Thompson	CB	465000	555000	477215	Washington Redskins
Chris Neild	DT	465000	555000	465000	Washington Redskins
Dejon Gomes	S	465000	555000	465000	Washington Redskins
Leonard Hankerson	WR	465000	555000	617000	Washington Redskins
Maurice Hurt	G	465000	555000	479943	Washington Redskins
Niles Paul	WR	465000	555000	513684	Washington Redskins
Roy Helu	RB	465000	555000	582563	Washington Redskins
Markus White	DE	440000	0	452725	Washington Redskins
Doug Worthington	DT	390000	480000	390000	Washington Redskins
Jonathan Crompton	QB	390000	0	480000	Washington Redskins
Travon Bellamy	CB	390000	0	480000	Washington Redskins
Tristan Davis	RB	390000	0	480000	Washington Redskins
Mike Sellers (buyout)	FB	240000	0	240000	Washington Redskins
Mario Williams	DE	5900000	6500000	9800000	Buffalo Bills
Drayton Florence	CB	4000000	5000000	4916667	Buffalo Bills
Shawne Merriman	LB	4000000	0	5750000	Buffalo Bills
Dwan Edwards	DT	3800000	3650000	4175000	Buffalo Bills
Chris Kelsay	DE	3500000	3725000	5750000	Buffalo Bills
Kyle Williams	DT	3000000	3850000	5950000	Buffalo Bills
Nick Barnett	LB	3000000	3500000	4000000	Buffalo Bills
Spencer Johnson	DT	3000000	0	4000000	Buffalo Bills
Ryan Fitzpatrick	QB	2800000	4250000	6000000	Buffalo Bills
Steve Johnson	WR	2500000	2550000	4300000	Buffalo Bills
Tyler Thigpen	QB	2500000	3000000	3000000	Buffalo Bills
Lee Evans (Buyout)	WR	2383334	0	2383334	Buffalo Bills
Brad Smith	WR	2250000	2750000	3750000	Buffalo Bills
Fred Jackson	RB	1955000	0	2380000	Buffalo Bills
Scott Chandler	TE	1800000	3650000	1800000	Buffalo Bills
George Wilson	S	1725000	2000000	2666666	Buffalo Bills
Erik Pears	T	1600000	2100000	2312500	Buffalo Bills
Leodis McKelvin	CB	1518750	0	2684584	Buffalo Bills
Brian Moorman	P	1425000	0	1675000	Buffalo Bills
Terrence McGee	CB	1350000	1750000	1500000	Buffalo Bills
Marcell Dareus	DT	1302605	2230210	4638023	Buffalo Bills
Chad Rinehart	G	1260000	0	1260000	Buffalo Bills
Kraig Urbik	T	1260000	0	1260000	Buffalo Bills
Rian Lindell	K	1000000	2100000	1900000	Buffalo Bills
Kirk Morrison	LB	950000	950000	1250000	Buffalo Bills
Corey McIntyre	RB	900000	0	1100000	Buffalo Bills
C.J. Spiller	RB	852917	1300834	3020833	Buffalo Bills
Garrison Sanborn	LB	830000	885000	1006667	Buffalo Bills
Eric Wood	C	800000	925000	2115000	Buffalo Bills
Lionel Dotson	DE	700000	0	700000	Buffalo Bills
Ruvell Martin	WR	700000	0	700000	Buffalo Bills
Andy Levitre	G	615000	0	965000	Buffalo Bills
Jairus Byrd	CB	615000	0	1070000	Buffalo Bills
Jarron Gilbert	DE	615000	0	615000	Buffalo Bills
Kyle Moore	DT	615000	0	615000	Buffalo Bills
Aaron Williams	CB	614052	853105	1195081	Buffalo Bills
Donald Jones	WR	540000	0	543334	Buffalo Bills
Fendi Onobun	TE	540000	630000	540000	Buffalo Bills
Kellen Heard	DT	540000	0	493334	Buffalo Bills
Mike Caussin	TE	540000	0	540000	Buffalo Bills
Naaman Roosevelt	WR	540000	0	540000	Buffalo Bills
Alex Carrington	DE	490000	575000	707500	Buffalo Bills
Arthur Moats	LB	490000	575000	725000	Buffalo Bills
Colin Brown	T	490000	0	490000	Buffalo Bills
Cordaro Howard	G	490000	0	490000	Buffalo Bills
Dan Batten	DE	490000	575000	515417	Buffalo Bills
David Nelson	WR	490000	0	494000	Buffalo Bills
Marcus Easley	WR	490000	575000	620000	Buffalo Bills
Sam Young	T	490000	575000	490000	Buffalo Bills
Torell Troup	DT	490000	575000	941250	Buffalo Bills
Kelvin Sheppard	LB	480000	614243	682708	Buffalo Bills
Lee Smith	TE	479467	583934	522337	Buffalo Bills
Chris Hairston	T	465000	555000	568977	Buffalo Bills
Chris White	LB	465000	555000	495150	Buffalo Bills
Da'Norris Searcy	S	465000	555000	586106	Buffalo Bills
Johnny White	RB	465000	555000	518400	Buffalo Bills
Justin Rogers	CB	465000	555000	481875	Buffalo Bills
Kamar Aiken	WR	465000	555000	465000	Buffalo Bills
Michael Jasper	DT	390000	555000	390000	Buffalo Bills
Jon Corto (Buyout)	S	25000	0	25000	Buffalo Bills
Jake Long	T	11200000	0	11200000	Miami Dolphins
Karlos Dansby	LB	8800000	6050000	12800000	Miami Dolphins
Reggie Bush	RB	4500000	0	6025000	Miami Dolphins
Kevin Burnett	LB	3950000	4350000	3950000	Miami Dolphins
Randy Starks	DE	3725000	0	4875000	Miami Dolphins
Anthony Fasano	TE	3600000	0	4450000	Miami Dolphins
Richie Incognito	G	3300000	4000000	3300000	Miami Dolphins
Tony McDaniel	DT	3000000	0	3000000	Miami Dolphins
Dan Carpenter	K	2525000	2675000	2525000	Miami Dolphins
Matt Moore	QB	2500000	0	2500000	Miami Dolphins
Davone Bess	WR	2233000	2633000	2983000	Miami Dolphins
Mike Pouncey	C	2045000	0	2045000	Miami Dolphins
Lydon Murtha	T	1927000	0	1927000	Miami Dolphins
Yeremiah Bell (buyout)	S	1500000	0	1500000	Miami Dolphins
Artis Hicks	G	1450000	0	2450000	Miami Dolphins
Brandon Fields	P	1424000	0	1424000	Miami Dolphins
Nate Garner	T	1400000	0	1400000	Miami Dolphins
Brian Hartline	WR	1308000	0	1434243	Miami Dolphins
Chris Clemons	S	1308000	0	1348625	Miami Dolphins
Phillip Merling	DE	1260000	0	1260000	Miami Dolphins
Jason Trusnik	LB	1000000	0	1000000	Miami Dolphins
Ryan Cook	T	1000000	0	1000000	Miami Dolphins
Vontae Davis	CB	957500	1136250	2703750	Miami Dolphins
John Denney	LS	835000	860000	835000	Miami Dolphins
Tyrone Culver	S	800000	0	800000	Miami Dolphins
Jared Odrick	DT	568054	700000	1994854	Miami Dolphins
Daniel Thomas	RB	568000	0	781500	Miami Dolphins
Cameron Wake	LB	565000	0	815000	Miami Dolphins
Sean Smith	CB	565000	0	565000	Miami Dolphins
Jeron Mastrud	TE	540000	0	540000	Miami Dolphins
John Jerry	G	540000	575000	754500	Miami Dolphins
Ray Feinga	G	540000	0	540000	Miami Dolphins
Reshad Jones	CB	540000	575000	580000	Miami Dolphins
Will Barker	T	540000	0	540000	Miami Dolphins
Koa Misi	LB	490000	575000	1225000	Miami Dolphins
Marlon Moore	WR	490000	0	490000	Miami Dolphins
Nolan Carroll	CB	490000	575000	537937	Miami Dolphins
Roberto Wallace	WR	490000	0	490000	Miami Dolphins
Charles Clay	FB	465000	555000	512937	Miami Dolphins
Clyde Gates	WR	465000	555000	589750	Miami Dolphins
Jimmy Wilson	CB	465000	555000	476475	Miami Dolphins
Quinten Lawrence	WR	465000	0	465000	Miami Dolphins
Jerome Messam	RB	390000	480000	390000	Miami Dolphins
Pat Devlin	QB	390000	0	390000	Miami Dolphins
Wes Welker	WR	9515000	0	9515000	New England Patriots
Vince Wilfork	DT	4500000	6500000	8100000	New England Patriots
Matt Light	T	3400000	0	6500000	New England Patriots
Chad Ochocino	WR	3000000	3000000	6183333	New England Patriots
Logan Mankins	G	2750000	5750000	7000000	New England Patriots
Stephen Gostkowski	K	2100000	2500000	2908120	New England Patriots
Kyle Arrington	CB	1850000	0	3050000	New England Patriots
Brian Waters	G	1400000	0	1400000	New England Patriots
Jerod Mayo	LB	1250000	1250000	0	New England Patriots
Tracy White	LB	990000	0	990000	New England Patriots
Tom Brady	QB	950000	9750000	8008120	New England Patriots
Rob Ninkovich	DE	900000	900000	1900000	New England Patriots
Trevor Scott	DE	900000	0	1150000	New England Patriots
Niko Koutouvides	LB	825000	0	898120	New England Patriots
Ron Brace	DT	777000	0	1345120	New England Patriots
Josh Barrett	S	775000	0	900000	New England Patriots
Ryan Wendell	C	750000	815000	800000	New England Patriots
Steve Gregory	CB	750000	1250000	1683333	New England Patriots
Danny Woodhead	RB	700000	0	849786	New England Patriots
Lousaka Polite	RB	700000	0	700000	New England Patriots
Matthew Slater	WR	700000	1200000	1466666	New England Patriots
Sebastian Vollmer	T	650000	0	1075305	New England Patriots
Ras-I Dowling	CB	616095	732190	1205477	New England Patriots
Nate Solder	T	616000	1151408	1793500	New England Patriots
Donald Thomas	G	615000	0	615000	New England Patriots
Julian Edelman	WR	615000	0	635295	New England Patriots
Marcus Harrison	DT	615000	0	623120	New England Patriots
Tiquan Underwood	WR	615000	0	615000	New England Patriots
Patrick Chung	S	600000	0	1108120	New England Patriots
Myron Pryor	DT	565000	0	592870	New England Patriots
Aaron Hernandez	TE	540000	575000	802120	New England Patriots
Devin McCourty	CB	540000	650000	1743120	New England Patriots
Kyle Love	DT	540000	0	540000	New England Patriots
Nick McDonald	T	540000	0	540000	New England Patriots
Stevan Ridley	RB	509250	643500	671250	New England Patriots
Ryan Mallett	QB	508992	642984	670711	New England Patriots
Brandon Deaderick	DE	490000	575000	500750	New England Patriots
Brandon Spikes	LB	490000	575000	738120	New England Patriots
Dane Fletcher	LB	490000	0	823333	New England Patriots
Jermaine Cunningham	LB	490000	575000	828120	New England Patriots
Rob Gronkowski	TE	490000	575000	960000	New England Patriots
Sergio Brown	CB	490000	575000	511994	New England Patriots
Zoltan Mesko	P	490000	575000	544995	New England Patriots
Marcus Cannon	T	481281	587562	531406	New England Patriots
Britt Davis	WR	465000	0	465000	New England Patriots
Danny Aiken	C	465000	555000	465000	New England Patriots
Jeff Tarpinian	LB	465000	555000	465000	New England Patriots
Matt Kopa	T	465000	0	473120	New England Patriots
Ross Ventrone	CB	465000	0	473120	New England Patriots
Shane Vereen	RB	465000	589650	719300	New England Patriots
Sterling Moore	CB	465000	0	465000	New England Patriots
Aaron Lavarias	DT	390000	0	398120	New England Patriots
Alex Silvestro	DT	390000	0	390000	New England Patriots
Eric Kettani	RB	390000	0	390000	New England Patriots
Kyle Hix	T	390000	480000	390000	New England Patriots
Malcolm Williams	CB	390000	0	390000	New England Patriots
Markell Carter (buyout)	DE	390000	0	70539	New England Patriots
Mike Hartline	QB	390000	0	390000	New England Patriots
Mike Rivera	LB	390000	0	398120	New England Patriots
Markell Carter	DE	70539	0	390000	New England Patriots
David Harris	LB	9900000	10900000	12000000	New York Jets
Santonio Holmes	WR	7750000	11000000	9250000	New York Jets
Darrelle Revis	CB	4500000	3000000	11503621	New York Jets
Bart Scott	LB	4200000	6900000	5950000	New York Jets
LaRon Landry	S	4000000	0	4000000	New York Jets
Antonio Cromartie	CB	3800000	7000000	8250000	New York Jets
Mark Sanchez	QB	3250000	8250000	5350000	New York Jets
Calvin Pace	LB	3085000	5810000	7348333	New York Jets
Dustin Keller	TE	3052000	0	3988875	New York Jets
Eric Smith	S	3000000	3000000	3850000	New York Jets
Brandon Moore	G	2750000	0	4460418	New York Jets
Wayne Hunter	T	2450000	3950000	2500000	New York Jets
Nick Mangold	C	2333000	2510000	5790100	New York Jets
Mike DeVito	DE	2260000	0	3360000	New York Jets
Matt Slauson	G	1308000	0	1341170	New York Jets
Drew Stanton	QB	1250000	0	1250000	New York Jets
Tim Tebow	QB	1100000	1055000	2668750	New York Jets
Sione Pouha	DT	1000000	4900000	2166667	New York Jets
D'Brickashaw Ferguson	T	985000	7250000	4571666	New York Jets
Ropati Pitoitua	DE	950000	0	1225000	New York Jets
Bryan Thomas	LB	900000	0	900000	New York Jets
Chaz Schilens	WR	765000	0	765000	New York Jets
Muhammad Wilkerson	DT	687500	1000000	1562500	New York Jets
Patrick Turner	WR	615000	0	873120	New York Jets
Shonn Greene	RB	615000	0	849370	New York Jets
Kyle Wilson	CB	567000	813000	1766000	New York Jets
Austin Howard	T	540000	0	548120	New York Jets
Ellis Lankster	CB	540000	645000	540000	New York Jets
Josh Mauga	LB	540000	0	548120	New York Jets
Jeff Cumberland	T	490000	0	498787	New York Jets
Joe McKnight	RB	490000	575000	623370	New York Jets
John Conner	RB	490000	575000	547870	New York Jets
Marcus Dixon	DE	490000	0	498120	New York Jets
Tanner Purdum	CB	490000	0	498120	New York Jets
Vladimir Ducasse	G	490000	575000	754370	New York Jets
Bilal Powell	RB	465000	555000	565125	New York Jets
Caleb Schlauderaff	G	465000	555000	465000	New York Jets
Dedrick Epps	TE	465000	0	465000	New York Jets
Dexter Jackson	WR	465000	0	465000	New York Jets
Eron Riley	WR	465000	0	465000	New York Jets
Greg McElroy	QB	465000	555000	481288	New York Jets
Isaiah Trufant	CB	465000	0	465000	New York Jets
Jeremy Kerley	WR	465000	555000	511062	New York Jets
Josh Baker	TE	465000	555000	465000	New York Jets
Kenrick Ellis	DT	465000	555000	617500	New York Jets
Martin Tevaseu	DT	465000	0	465000	New York Jets
Matt Kroul	C	465000	0	465000	New York Jets
Nick Bellore	LB	465000	555000	467333	New York Jets
Taylor Boggs	C	465000	555000	465000	New York Jets
Tracy Wilson	CB	465000	0	465000	New York Jets
Garrett McIntyre	DT	415000	500000	428120	New York Jets
Logan Payne	WR	415000	0	423120	New York Jets
T.J. Conley	PR	415000	500000	415000	New York Jets
Ricky Sapp	DE	390000	0	390000	New York Jets
Calais Campbell	DE	10600000	0	10600000	Arizona Cardinals
Adrian Wilson	S	6500000	7500000	6500000	Arizona Cardinals
Larry Fitzgerald	WR	5000000	5250000	20250000	Arizona Cardinals
Stewart Bradley	LB	5000000	5500000	6000000	Arizona Cardinals
Daryn Colledge	G	3800000	3800000	5500000	Arizona Cardinals
Kerry Rhodes	S	3500000	4500000	5000000	Arizona Cardinals
Darnell Dockett	DT	3400000	4450000	7150000	Arizona Cardinals
Lyle Sendlein	C	2900000	0	3300000	Arizona Cardinals
Levi Brown (Buyout)	T	2400000	0	2400000	Arizona Cardinals
Paris Lenon	LB	2400000	0	2666667	Arizona Cardinals
Todd Heap	TE	2150000	0	2150000	Arizona Cardinals
Jeff King	TE	1950000	1500000	2283333	Arizona Cardinals
Jeremy Bridges	G	1400000	0	1725000	Arizona Cardinals
Patrick Peterson	CB	1210000	2000000	4185000	Arizona Cardinals
Kevin Kolb	QB	1000000	9000000	10000000	Arizona Cardinals
Floyd Womack	G	925000	0	925000	Arizona Cardinals
Adam Snyder	T	900000	0	1900000	Arizona Cardinals
Michael Adams	S	825000	0	825000	Arizona Cardinals
Nick Eason	DE	825000	0	825000	Arizona Cardinals
Beanie Wells	RB	700000	707500	1100000	Arizona Cardinals
Dan Williams	DT	645000	910000	1990000	Arizona Cardinals
A.J. Jefferson	CB	540000	0	540000	Arizona Cardinals
Antonio Coleman	DE	540000	0	540000	Arizona Cardinals
Brandon Williams	DE	540000	0	540000	Arizona Cardinals
Richard Bartel	QB	540000	0	540000	Arizona Cardinals
Stephen Williams	WR	540000	0	540000	Arizona Cardinals
Chansi Stuckey (Buyout)	WR	500000	0	500000	Arizona Cardinals
Andre Roberts	WR	490000	575000	671000	Arizona Cardinals
Crezdon Butler	CB	490000	0	529900	Arizona Cardinals
Daryl Washington	LB	490000	575000	908750	Arizona Cardinals
Jim Dray	TE	490000	575000	502250	Arizona Cardinals
John Skelton	QB	490000	575000	540500	Arizona Cardinals
O'Brien Schofield	LB	490000	575000	597250	Arizona Cardinals
Ryan Williams	RB	490000	555000	1025442	Arizona Cardinals
Robert Housler	TE	485000	620000	656000	Arizona Cardinals
Alfonso Smith	RB	465000	0	465000	Arizona Cardinals
Anthony Sherman	RB	465000	555000	516725	Arizona Cardinals
David Carter	DT	465000	555000	490966	Arizona Cardinals
Demarco Sampson	WR	465000	555000	476475	Arizona Cardinals
Marshay Green	CB	465000	0	465000	Arizona Cardinals
Ronald Talley	DE	465000	0	465000	Arizona Cardinals
Sam Acho	DE	465000	555000	583500	Arizona Cardinals
Dominique Rodgers-Cromartie (Buyout)	CB	150000	0	150000	Arizona Cardinals
Dashon Goldson	S	6200000	0	6200000	San Francisco 49ers
Justin Smith	DE	5875000	7500000	8208333	San Francisco 49ers
Vernon Davis	TE	5751000	6072000	8017667	San Francisco 49ers
Alex Smith	QB	5000000	7500000	9500000	San Francisco 49ers
Carlos Rogers	CB	3900000	5500000	5150000	San Francisco 49ers
Isaac Sopoaga	DT	3800000	0	4755000	San Francisco 49ers
Michael Crabtree	WR	3500000	4500000	5359000	San Francisco 49ers
Donte Whitner	S	3300000	3750000	4133333	San Francisco 49ers
Ray McDonald	DE	3050000	3150000	4050000	San Francisco 49ers
David Akers	K	3000000	3000000	3566667	San Francisco 49ers
Parys Haralson	LB	2450000	2570000	2958800	San Francisco 49ers
Jonathan Goodwin	CB	2400000	3700000	3716667	San Francisco 49ers
Frank Gore	RB	2000000	3300000	8133000	San Francisco 49ers
Patrick Willis	LB	1904000	2402000	5004000	San Francisco 49ers
Randy Moss	WR	1750000	0	2500000	San Francisco 49ers
Joe Staley	T	1300000	1600000	2000580	San Francisco 49ers
Andy Lee	P	1100000	0	1381666	San Francisco 49ers
Delanie Walker	TE	1045000	0	1905000	San Francisco 49ers
Aldon Smith	DE	1028818	1682636	3269091	San Francisco 49ers
Anthony Davis	T	925000	1300000	2791667	San Francisco 49ers
Brian Jennings	TE	875000	885000	1059166	San Francisco 49ers
Tarell Brown	CB	850000	925000	1475000	San Francisco 49ers
Ryan Pontbriand	C	826000	0	826000	San Francisco 49ers
Ahmad Brooks	LB	750000	4300000	2750000	San Francisco 49ers
C.J. Spillman	S	750000	1225000	1058333	San Francisco 49ers
Mike Iupati	G	703500	1002000	2031000	San Francisco 49ers
Tavares Gooden	LB	700000	0	700000	San Francisco 49ers
Ricky Jean Francois	DT	615000	0	625750	San Francisco 49ers
Colin Kaepernick	QB	607922	740844	1164613	San Francisco 49ers
Alex Boone	T	540000	950000	795000	San Francisco 49ers
Tramaine Brock	CB	540000	0	540000	San Francisco 49ers
Anthony Dixon	RB	490000	575000	510000	San Francisco 49ers
Kyle Williams	WR	490000	575000	509850	San Francisco 49ers
Nate Byham	TE	490000	575000	516550	San Francisco 49ers
Navorro Bowman	LB	490000	575000	665562	San Francisco 49ers
Bruce Miller	DE	465000	555000	480613	San Francisco 49ers
Chris Culliver	CB	465000	555000	613750	San Francisco 49ers
Colin Jones	S	465000	555000	489724	San Francisco 49ers
Daniel Kilgore	G	465000	555000	505075	San Francisco 49ers
Demarcus Dobbs	DE	465000	555000	465000	San Francisco 49ers
Ian Williams	DT	465000	0	465000	San Francisco 49ers
John Matthews	WR	465000	0	465000	San Francisco 49ers
Kendall Hunter	RB	465000	555000	558750	San Francisco 49ers
Michael Person	T	465000	555000	476475	San Francisco 49ers
Scott Tolzien	QB	465000	555000	465000	San Francisco 49ers
Will Tukuafu	DT	465000	555000	465000	San Francisco 49ers
Chase Beeler	C	390000	0	390000	San Francisco 49ers
Cory Nelms	CB	390000	0	390000	San Francisco 49ers
Curtis Holcomb	CB	390000	555000	401475	San Francisco 49ers
Derek Hall	T	390000	0	390000	San Francisco 49ers
Dontavia Bogan	WR	390000	555000	390000	San Francisco 49ers
Garrett Chisolm	G	390000	0	390000	San Francisco 49ers
Joe Hastings	WR	390000	480000	390000	San Francisco 49ers
Kenny Wiggins	T	390000	0	390000	San Francisco 49ers
Konrad Reuland	TE	390000	0	390000	San Francisco 49ers
Kyle Nelson	LS	390000	0	390000	San Francisco 49ers
Mark LeGree	S	390000	0	390000	San Francisco 49ers
Michael Wilhoite	LB	390000	0	390000	San Francisco 49ers
Sidney Rice	WR	7000000	8500000	9000000	Seattle Seahawks
Zach Miller	TE	6000000	6800000	7000000	Seattle Seahawks
Jason Jones	DE	5000000	0	5000000	Seattle Seahawks
Chris Clemons	DE	4500000	0	5300000	Seattle Seahawks
Brandon Mebane	DT	4000000	5000000	4200000	Seattle Seahawks
Marshawn Lynch	RB	4000000	7000000	5500000	Seattle Seahawks
Tarvaris Jackson	QB	4000000	0	4750000	Seattle Seahawks
Russell Okung	T	3480000	4060000	7566000	Seattle Seahawks
Alan Branch	DE	3000000	0	4250000	Seattle Seahawks
Mike Williams	WR	3000000	3400000	3566667	Seattle Seahawks
Ben Obomanu	WR	2000000	2300000	2166667	Seattle Seahawks
Leon Washington	RB	2000000	1500000	3375000	Seattle Seahawks
Breno Giacomini	T	1500000	3000000	2250000	Seattle Seahawks
Michael Robinson	RB	1500000	2500000	2500000	Seattle Seahawks
Jon Ryan	P	1200000	1300000	1466667	Seattle Seahawks
Earl Thomas	S	1000000	1375000	1100000	Seattle Seahawks
James Carpenter	T	722341	1069682	1736591	Seattle Seahawks
Allen Barbre	G	700000	0	700000	Seattle Seahawks
Robert Gallery (buyout)	T	666666	0	666666	Seattle Seahawks
Deon Butler	WR	615000	0	785187	Seattle Seahawks
Paul Fanaika	G	615000	0	631140	Seattle Seahawks
Cameron Morrah	TE	565000	0	575125	Seattle Seahawks
Max Unger	C	565000	0	927500	Seattle Seahawks
Anthony McCoy	TE	540000	575000	566250	Seattle Seahawks
Chris Maragos	CB	540000	0	540000	Seattle Seahawks
Phillip Adams	CB	540000	0	540000	Seattle Seahawks
John Moffitt	G	505000	625000	664375	Seattle Seahawks
Clint Gresham	C	490000	0	491583	Seattle Seahawks
Dexter Davis	DE	490000	575000	501750	Seattle Seahawks
Golden Tate	WR	490000	575000	740000	Seattle Seahawks
Kam Chancellor	S	490000	575000	543250	Seattle Seahawks
Walter Thurmond	CB	490000	575000	615875	Seattle Seahawks
Byron Maxwell	CB	465000	555000	493363	Seattle Seahawks
Doug Baldwin	WR	465000	555000	470833	Seattle Seahawks
Jeron Johnson	S	465000	555000	470000	Seattle Seahawks
K.J. Wright	LB	465000	555000	586500	Seattle Seahawks
Kris Durham	WR	465000	555000	581065	Seattle Seahawks
Lazarius Levingston	DT	465000	555000	482225	Seattle Seahawks
Lemuel Jeanpierre	G	465000	500000	465000	Seattle Seahawks
Malcolm Smith	LB	465000	555000	476475	Seattle Seahawks
Ricardo Lockette	WR	465000	555000	465000	Seattle Seahawks
Richard Sherman	CB	465000	555000	510606	Seattle Seahawks
Ron Parker	CB	465000	555000	465000	Seattle Seahawks
Brandon Browner	CB	415000	500000	415000	Seattle Seahawks
Jameson Konz	WR	390000	555000	390000	Seattle Seahawks
Sam Bradford	QB	12000000	9000000	15594800	St. Louis Rams
Chris Long	DE	10310000	0	12710000	St. Louis Rams
Jason Smith	T	10000000	12000000	10000000	St. Louis Rams
Steven Jackson	RB	7000000	7000000	9648332	St. Louis Rams
Cortland Finnegan	CB	5000000	9000000	6000000	St. Louis Rams
Harvey Dahl	T	3000000	4000000	4000000	St. Louis Rams
Josh Brown	K	2700000	0	3500000	St. Louis Rams
Scott Wells	C	2500000	3500000	3500000	St. Louis Rams
Ron Bartell (buyout)	CB	1412500	0	1412500	St. Louis Rams
Bradley Fletcher	CB	1202202	0	1425276	St. Louis Rams
Craig Dahl	S	1200000	0	1200000	St. Louis Rams
Brandon Gibson	WR	1000000	0	1025000	St. Louis Rams
Quintin Mikell	S	1000000	6000000	10000000	St. Louis Rams
Robert Quinn	DE	803941	1232829	2144691	St. Louis Rams
James Laurinaitis	LB	620000	0	1442500	St. Louis Rams
Lance Kendricks	TE	567059	759118	960059	St. Louis Rams
Darell Scott	DT	565000	0	695000	St. Louis Rams
Brian Jackson	CB	540000	0	540000	St. Louis Rams
Brit Miller	RB	540000	0	540000	St. Louis Rams
Bryan Mattison	DE	540000	0	540000	St. Louis Rams
Darian Stewart	CB	540000	0	540000	St. Louis Rams
Dominique Curry	WR	540000	0	540000	St. Louis Rams
Jermelle Cudjo	DT	540000	0	540000	St. Louis Rams
Josh Gordy	CB	540000	0	541000	St. Louis Rams
Justin Cole	LB	540000	0	540000	St. Louis Rams
Michael Hoomanawanui	TE	540000	575000	593878	St. Louis Rams
Tom Brandstarter	QB	540000	0	540000	St. Louis Rams
Austin Pettis	WR	490000	580000	643604	St. Louis Rams
Danario Alexander	WR	490000	575000	498750	St. Louis Rams
Eugene Sims	DE	490000	575000	515825	St. Louis Rams
Jerome Murphy	CB	490000	575000	724434	St. Louis Rams
Josh Hull	LB	490000	575000	498888	St. Louis Rams
Rodger Saffold	T	490000	575000	490000	St. Louis Rams
Thomas Welch	T	490000	575000	507250	St. Louis Rams
Chris Smith	CB	465000	555000	465000	St. Louis Rams
Greg Salas	WR	465000	555000	577788	St. Louis Rams
Kevin Hughes	T	465000	555000	465000	St. Louis Rams
Marquis Johnson	CB	465000	0	465000	St. Louis Rams
Mike McNeill	TE	465000	0	465000	St. Louis Rams
Ben Guidugli	TE	390000	0	390000	St. Louis Rams
George Selvie (buyout)	DE	27976	0	27976	St. Louis Rams
Peyton Manning	QB	18000000	20000000	18000000	Denver Broncos
Elvis Dumervil	DE	14000000	12000000	14500000	Denver Broncos
Champ Bailey	CB	8000000	9000000	9500000	Denver Broncos
Brian Dawkins	S	6000000	6000000	9156000	Denver Broncos
D.J. Williams	LB	5000000	6000000	5000000	Denver Broncos
Andre' Goodman	CB	4620000	3960000	5580000	Denver Broncos
Ty Warren	DT	4000000	0	5250000	Denver Broncos
Chris Kuper	G	3500000	4500000	3500000	Denver Broncos
Ryan Clady	T	3500000	0	4010000	Denver Broncos
Matt Prater	K	2665000	0	2665000	Denver Broncos
Kevin Vickerson	DT	2000000	0	2875000	Denver Broncos
Von Miller	DE	1329563	2284125	4754563	Denver Broncos
Willis McGahee	RB	1000000	2500000	1500000	Denver Broncos
Robert Ayers	DE	965000	1060000	965000	Denver Broncos
Lonie Paxton	LS	875000	885000	1075000	Denver Broncos
Knowshon Moreno	RB	855000	1700000	1687000	Denver Broncos
Brian Iwuh	LB	700000	0	700000	Denver Broncos
Jason Hill	WR	700000	0	700000	Denver Broncos
Ryan Harris	T	700000	0	700000	Denver Broncos
Tony Hills	T	700000	0	700000	Denver Broncos
C.J. Davis	T	615000	0	615000	Denver Broncos
David Bruton	S	615000	0	735000	Denver Broncos
Jeremy Jarmon	DE	615000	0	615000	Denver Broncos
Ramzee Robinson	CB	615000	0	615000	Denver Broncos
Tony Carter	CB	615000	0	615000	Denver Broncos
Xavier Omon	RB	615000	0	615000	Denver Broncos
Orlando Franklin	T	573000	771000	993000	Denver Broncos
Britton Colquitt	P	540000	0	540000	Denver Broncos
Chris Clark	T	540000	0	540000	Denver Broncos
Cornelius Ingram	TE	540000	0	540000	Denver Broncos
Joshua Moore	CB	540000	0	540000	Denver Broncos
Lance Ball	RB	540000	0	540000	Denver Broncos
Ben Garland	DT	490000	0	490666	Denver Broncos
Cassius Vaughn	CB	490000	0	490000	Denver Broncos
Demaryius Thomas	WR	490000	575000	1180000	Denver Broncos
Eric Decker	WR	490000	575000	1248037	Denver Broncos
J.D. Walton	C	490000	575000	689625	Denver Broncos
Syd'Quan Thompson	CB	490000	575000	505000	Denver Broncos
Zane Beadles	G	490000	575000	1092500	Denver Broncos
Chris Harris	CB	465000	555000	466000	Denver Broncos
Jeremiah Johnson	RB	465000	0	465000	Denver Broncos
Julius Thomas	TE	465000	555000	561000	Denver Broncos
Nate Irving	LB	465000	555000	638750	Denver Broncos
Quinton Carter	S	465000	555000	578750	Denver Broncos
Rafael Bush	CB	465000	0	465000	Denver Broncos
Rahim Moore	S	465000	0	897500	Denver Broncos
Tim Toone	WR	465000	0	465000	Denver Broncos
Tyler Grisham	WR	465000	0	465000	Denver Broncos
Virgil Green	TE	465000	555000	469320	Denver Broncos
Adam Grant	T	390000	0	390000	Denver Broncos
Adam Weber	QB	390000	0	390000	Denver Broncos
Austin Sylvester	RB	390000	0	390000	Denver Broncos
D'Andre Goodwin	WR	390000	480000	390000	Denver Broncos
Greg Orton	WR	390000	0	390000	Denver Broncos
Jeremy Beal	DE	390000	0	390000	Denver Broncos
Mark Dell	WR	390000	480000	393333	Denver Broncos
Mike Mohamed	LB	390000	0	390000	Denver Broncos
Sealver Siliga	DT	390000	0	390000	Denver Broncos
Tamba Hali	DE	11250000	12250000	14250000	Kansas City Chiefs
Dwayne Bowe	WR	9443000	0	9443000	Kansas City Chiefs
Tyson Jackson	DE	8005000	14720000	8255000	Kansas City Chiefs
Brandon Flowers	CB	5750000	7350000	8000000	Kansas City Chiefs
Glenn Dorsey	DT	5586000	0	5586000	Kansas City Chiefs
Matt Cassel	QB	5250000	7500000	5455200	Kansas City Chiefs
Eric Berry	S	4842800	7009000	4842800	Kansas City Chiefs
Jamaal Charles	RB	3250000	1750000	4250000	Kansas City Chiefs
Derrick Johnson	LB	3000000	2250000	3000000	Kansas City Chiefs
Brandon Albert	T	2717500	0	3217500	Kansas City Chiefs
Ryan Lilja	G	2100000	0	3000000	Kansas City Chiefs
Steve Breaston	WR	2050000	3800000	4550000	Kansas City Chiefs
Ryan Succop	K	2000000	0	2400000	Kansas City Chiefs
Dustin Colquitt	P	1800000	0	2280000	Kansas City Chiefs
Stanford Routt	CB	1800000	4300000	6000000	Kansas City Chiefs
Demorrio Williams (buyout)	LB	1600000	0	1600000	Kansas City Chiefs
Andy Studebaker	LB	1480000	2005000	1480000	Kansas City Chiefs
Peyton Hillis	RB	1400000	0	2800000	Kansas City Chiefs
Terrance Copper	WR	825000	840000	825000	Kansas City Chiefs
Jonathan Baldwin	WR	718255	1061510	1715755	Kansas City Chiefs
Brandon Siler	LB	700000	0	700000	Kansas City Chiefs
Thomas Gafford	C	650000	0	650000	Kansas City Chiefs
Jake O'Connell	TE	615000	0	640000	Kansas City Chiefs
Donald Washington	CB	565000	0	694946	Kansas City Chiefs
Cory Greenwood	LB	540000	630000	566250	Kansas City Chiefs
Dexter McCluster	RB	540000	575000	1100000	Kansas City Chiefs
Jeremy Horne	WR	540000	0	540000	Kansas City Chiefs
Kendrick Lewis	S	540000	575000	540000	Kansas City Chiefs
Kyle McCarthy	CB	540000	0	540000	Kansas City Chiefs
Steve Maneri	TE	540000	0	540000	Kansas City Chiefs
Rodney Hudson	C	504368	643736	754368	Kansas City Chiefs
Anthony Toribio	DT	490000	0	490000	Kansas City Chiefs
Javier Arenas	CB	490000	575000	988354	Kansas City Chiefs
Jon Asamoah	G	490000	575000	718000	Kansas City Chiefs
Tony Moeaki	TE	490000	575000	660000	Kansas City Chiefs
Allen Bailey	DE	465000	555000	604000	Kansas City Chiefs
Brandon Bair	DT	465000	555000	465000	Kansas City Chiefs
Jalil Brown	CB	465000	555000	574000	Kansas City Chiefs
Jerrell Powe	DT	465000	555000	517368	Kansas City Chiefs
Justin Houston	DE	465000	555000	632750	Kansas City Chiefs
Ricky Stanzi	QB	465000	555000	517750	Kansas City Chiefs
Cameron Sheffield	LB	415000	575000	463500	Kansas City Chiefs
Shaun Draughn	RB	390000	480000	390000	Kansas City Chiefs
Kamerion Wimbley (buyout)	LB	6500000	0	6500000	Oakland Raiders
Tyvon Branch	CB	6200000	0	6200000	Oakland Raiders
Tommy Kelly	DE	6000000	6500000	8892856	Oakland Raiders
Aaron Curry	LB	5757500	0	5757500	Oakland Raiders
Darren McFadden	RB	5650000	5856250	6716667	Oakland Raiders
Darius Heyward-Bey	WR	5279000	7721000	5779000	Oakland Raiders
Stanford Routt (buyout)	CB	5000000	0	5000000	Oakland Raiders
Kevin Boss (buyout)	TE	4250000	0	4250000	Oakland Raiders
Shane Lechler	P	3800000	0	5650000	Oakland Raiders
Ron Bartell	CB	3000000	0	3000000	Oakland Raiders
John Henderson (buyout)	DT	2250000	0	2250000	Oakland Raiders
Sebastian Janikowski	K	1700000	3800000	1700000	Oakland Raiders
Louis Murphy	WR	1260000	0	1372000	Oakland Raiders
Hiram Eugene (buyout)	S	1225000	0	1225000	Oakland Raiders
Jon Condo	LS	1175000	1200000	1175000	Oakland Raiders
Chris Johnson (buyout)	CB	1000000	0	1000000	Oakland Raiders
Rolando McClain	LB	970000	1535000	5570000	Oakland Raiders
Richard Seymour	DT	925000	7500000	2240000	Oakland Raiders
Carson Palmer	QB	825000	13000000	4716667	Oakland Raiders
Michael Huff	S	700000	4000000	4962083	Oakland Raiders
Brandon Myers	TE	565000	0	587500	Oakland Raiders
Matt Shaughnessy	DE	565000	0	778062	Oakland Raiders
Mike Mitchell	S	565000	0	965000	Oakland Raiders
Brandon Underwood	CB	540000	0	540000	Oakland Raiders
Lamarr Houston	DT	540000	575000	1166250	Oakland Raiders
Marcel Reece	RB	540000	0	540000	Oakland Raiders
Bruce Campbell	T	490000	575000	620500	Oakland Raiders
Jacoby Ford	WR	490000	575000	617500	Oakland Raiders
Jared Veldheer	C	490000	575000	713750	Oakland Raiders
Travis Goethel	LB	490000	575000	515750	Oakland Raiders
Chimdi Chekwa	CB	465000	555000	575000	Oakland Raiders
David Ausberry	WR	465000	555000	476475	Oakland Raiders
DeMarcus Van Dyke	CB	465000	555000	612750	Oakland Raiders
Denarius Moore	WR	465000	555000	512625	Oakland Raiders
Joe Barksdale	T	465000	555000	599950	Oakland Raiders
Mason Brodine	DT	465000	0	465000	Oakland Raiders
Richard Gordon	TE	465000	555000	491250	Oakland Raiders
Stefen Wisniewski	C	465000	0	841750	Oakland Raiders
Taiwan Jones	RB	465000	555000	566250	Oakland Raiders
Terrelle Pryor	QB	465000	555000	611000	Oakland Raiders
Derrick Jones	WR	390000	555000	390000	Oakland Raiders
Philip Rivers	QB	10200000	12000000	13992857	San Diego Chargers
Marcus McNeill (buyout)	T	5200000	0	5200000	San Diego Chargers
Eric Weddle	S	5000000	6000000	7600000	San Diego Chargers
Shaun Phillips	LB	4400000	0	5666667	San Diego Chargers
Antonio Gates	TE	4000000	4500000	6940833	San Diego Chargers
Quentin Jammer	CB	4000000	0	4400000	San Diego Chargers
Takeo Spikes	LB	2875000	3000000	3575000	San Diego Chargers
Jeromey Clary	T	2850000	4000000	4550000	San Diego Chargers
Atari Bigby	S	2500000	0	2500000	San Diego Chargers
Luis Castillo (buyout)	DE	2050000	0	2050000	San Diego Chargers
Malcom Floyd	WR	2000000	0	3000000	San Diego Chargers
Nate Kaeding	K	2000000	0	2357142	San Diego Chargers
Kris Dielman (buyout)	G	1700000	0	1700000	San Diego Chargers
Antwan Barnes	LB	1600000	0	1900000	San Diego Chargers
Robert Meachem	WR	1500000	5000000	3375000	San Diego Chargers
Travis LaBoy	DT	1500000	0	1700000	San Diego Chargers
Tyronne Green	G	1260000	0	1360250	San Diego Chargers
Antonine Cason	CB	1240000	0	2500000	San Diego Chargers
Larry English	LB	1007500	1275000	2187500	San Diego Chargers
Jared Gaither	T	1000000	4500000	3000000	San Diego Chargers
Jarret Johnson	DE	1000000	0	2500000	San Diego Chargers
Jacques Cesaire	DE	825000	0	1075000	San Diego Chargers
Mike Scifres	P	825000	3000000	825000	San Diego Chargers
Corey Liuget	DT	752998	1130976	1887998	San Diego Chargers
Ryan Mathews	RB	712750	1195500	2729937	San Diego Chargers
Nick Novak	K	700000	0	700000	San Diego Chargers
Vaughn Martin	DT	615000	0	736500	San Diego Chargers
Louis Vasquez	G	565000	0	765000	San Diego Chargers
Marcus Gilchrist	CB	554800	734600	897300	San Diego Chargers
Curtis Brinkley	RB	540000	0	540000	San Diego Chargers
Mike Windt	C	540000	0	540000	San Diego Chargers
Richard Goodman	WR	540000	0	540000	San Diego Chargers
Jonas Mouton	LB	523335	671670	741585	San Diego Chargers
Cam Thomas	DT	490000	575000	537750	San Diego Chargers
Darrell Stuckey	S	490000	575000	616500	San Diego Chargers
Donald Butler	LB	490000	575000	692500	San Diego Chargers
Andrew Gachkar	LB	465000	555000	476250	San Diego Chargers
Colin Baxter	C	465000	555000	465000	San Diego Chargers
Darryl Gamble	LB	465000	555000	465000	San Diego Chargers
Shareece Wright	CB	465000	555000	601035	San Diego Chargers
Steve Schilling	T	465000	555000	484500	San Diego Chargers
Vincent Brown	WR	465000	555000	611517	San Diego Chargers
Dante Hughes (buyout)	CB	150000	0	150000	San Diego Chargers
Jordan Todman (buyout)	RB	128094	0	128094	San Diego Chargers
Brandon Marshall	WR	9300000	9100000	10400000	Chicago Bears
Julius Peppers	DE	8900000	12900000	11333333	Chicago Bears
Jay Cutler	QB	7700000	8470000	9600000	Chicago Bears
Matt Forte	RB	7700000	0	7700000	Chicago Bears
Brian Urlacher	LB	7500000	0	9200000	Chicago Bears
Lance Briggs	LB	3750000	6250000	4666667	Chicago Bears
Charles Tillman	CB	3500000	7950000	4714285	Chicago Bears
Robbie Gould	K	2325000	2325000	3725000	Chicago Bears
Chris Spencer	C	2250000	0	3750000	Chicago Bears
Marion Barber	RB	1900000	0	2875000	Chicago Bears
Matt Spaeth	TE	1775000	2000000	2208333	Chicago Bears
Roberto Garza	G	1750000	1750000	2616000	Chicago Bears
Nick Roach	LB	1715000	0	2715000	Chicago Bears
Devin Hester	WR	1646000	1857523	7646000	Chicago Bears
Jason Campbell	QB	1500000	0	3500000	Chicago Bears
Johnny Knox	WR	1260000	0	1311060	Chicago Bears
Lance Louis	G	1260000	0	1270495	Chicago Bears
Adam Podlesh	P	1000000	1300000	1650000	Chicago Bears
Chris Williams	G	1000000	0	4622750	Chicago Bears
Earl Bennett	WR	1000000	2250000	3400000	Chicago Bears
Patrick Mannelly	T	925000	0	1111666	Chicago Bears
Chauncey Davis	DE	825000	0	825000	Chicago Bears
Josh McCown	QB	825000	0	875000	Chicago Bears
Anthony Adams (Buyout)	DT	750000	0	750000	Chicago Bears
Kellen Davis	TE	700000	2400000	2150000	Chicago Bears
Gabe Carimi	T	695729	1016458	1603647	Chicago Bears
Frank Omiyale (Buyout)	T	680000	0	680000	Chicago Bears
Matt Toeaina	DT	650000	760000	650000	Chicago Bears
D.J. Moore	CB	565000	0	681688	Chicago Bears
Henry Melton	DE	565000	0	692807	Chicago Bears
Stephen Paea	DT	542541	660082	772911	Chicago Bears
Corey Wootton	DE	490000	575000	616750	Chicago Bears
Edwin Williams	C	490000	0	490000	Chicago Bears
J'Marcus Webb	T	490000	575000	505150	Chicago Bears
Major Wright	S	490000	575000	702000	Chicago Bears
Christopher Conte	S	465000	555000	608400	Chicago Bears
Dane Sanzenbacher	WR	465000	555000	468333	Chicago Bears
Dom DeCicco	LB	465000	555000	465000	Chicago Bears
J.T. Thomas	LB	465000	555000	488129	Chicago Bears
Jabara Williams	LB	465000	555000	465000	Chicago Bears
Kyle Adams	TE	465000	555000	465000	Chicago Bears
Levi Horn	T	465000	555000	465000	Chicago Bears
Max Komar	WR	465000	555000	465000	Chicago Bears
Nathan Enderle	QB	465000	555000	507215	Chicago Bears
Ricky Henry	G	465000	555000	465000	Chicago Bears
Thaddeus Gibson	DE	465000	555000	465000	Chicago Bears
Tyler Clutts	RB	465000	555000	465000	Chicago Bears
Armando Allen	RB	390000	480000	390000	Chicago Bears
Matthew Stafford	QB	11500000	1200000	17258750	Detroit Lions
Cliff Avril	DE	10600000	0	10600000	Detroit Lions
Ndamukong Suh	DT	9250000	11150000	10850000	Detroit Lions
Kyle Vanden Bosch	DE	5000000	5000000	5000000	Detroit Lions
Corey Williams	DT	4900000	0	6083333	Detroit Lions
Dominic Raiola	C	3400000	4050000	3400000	Detroit Lions
Chris Houston	CB	3000000	0	4000000	Detroit Lions
Stephen Peterman	G	2725000	2650000	2725000	Detroit Lions
Jason Hanson	K	2550000	0	3225000	Detroit Lions
Gosder Cherilus	T	2310000	0	2890000	Detroit Lions
Justin Durant	LB	1750000	0	3125000	Detroit Lions
Tony Scheffler	TE	1550000	1950000	2050000	Detroit Lions
Rob Sims	G	1500000	1850000	1500000	Detroit Lions
Calvin Johnson	WR	1250000	5000000	8950000	Detroit Lions
Brandon Pettigrew	TE	1062500	1146250	1829000	Detroit Lions
Louis Delmas	S	973250	0	1518250	Detroit Lions
Lawrence Jackson	DE	915000	0	2135000	Detroit Lions
Nate Burleson	WR	875000	4500000	2281077	Detroit Lions
Dylan Gandy	G	850000	0	850000	Detroit Lions
Nick Fairley	DT	824500	1274000	2247000	Detroit Lions
John Wendling	S	700000	715000	973333	Detroit Lions
Alphonso Smith	CB	695000	0	1420000	Detroit Lions
Jahvid Best	RB	640500	876000	2221500	Detroit Lions
Stefan Logan	WR	615000	0	615000	Detroit Lions
Don Carey	CB	540000	0	540000	Detroit Lions
Joique Bell	RB	540000	0	540000	Detroit Lions
Amari Spievey	CB	490000	0	723333	Detroit Lions
Jason Fox	C	490000	0	600302	Detroit Lions
Keiland Williams	RB	490000	0	490000	Detroit Lions
Willie Young	DE	490000	0	506000	Detroit Lions
Douglas Hogue	LB	465000	555000	510000	Detroit Lions
Johnny Culbreath	T	465000	555000	637950	Detroit Lions
Mikel Leshoure	RB	465000	555000	733998	Detroit Lions
Ryan Donahue	P	465000	555000	468333	Detroit Lions
Titus Young	WR	465000	555000	1154167	Detroit Lions
Aaron Berry	CB	415000	0	415833	Detroit Lions
Richard Dickson (buyout)	TE	2333	0	2333	Detroit Lions
Aaron Rodgers	QB	8000000	9250000	11150000	Green Bay Packers
Charles Woodson	CB	6500000	6500000	10500000	Green Bay Packers
Chad Clifton	T	5250000	0	5703125	Green Bay Packers
Ryan Pickett	DT	4500000	5400000	5375000	Green Bay Packers
A.J. Hawk	LB	4400000	4900000	6550000	Green Bay Packers
Greg Jennings	WR	3885000	0	7947500	Green Bay Packers
Nick Collins	S	3450000	4350000	3450000	Green Bay Packers
B.J. Raji	DT	3350000	4090000	3830000	Green Bay Packers
Desmond Bishop	LB	3001000	3464000	4863500	Green Bay Packers
Donald Driver	WR	2600000	0	5600000	Green Bay Packers
James Jones	WR	2300000	2950000	3000000	Green Bay Packers
Tramon Williams	CB	2300000	5900000	6300000	Green Bay Packers
Mason Crosby	K	1650000	2400000	2400000	Green Bay Packers
John Kuhn	RB	1600000	1800000	2400000	Green Bay Packers
T.J. Lang	T	1260000	0	1385625	Green Bay Packers
Charlie Peprah	S	1000000	0	1150000	Green Bay Packers
Jordy Nelson	WR	1000000	2700000	6825000	Green Bay Packers
Jermichael Finley	TE	950000	4450000	5250000	Green Bay Packers
Josh Sitton	G	950000	3400000	4350000	Green Bay Packers
Clay Matthews	LB	800000	1492500	1890000	Green Bay Packers
Brett Goode	C	676000	0	776000	Green Bay Packers
Derek Sherrod	T	675091	975182	1500455	Green Bay Packers
Brad Jones	LB	615000	0	630063	Green Bay Packers
Herb Taylor	T	615000	0	615000	Green Bay Packers
Bryan Bulaga	T	583500	862000	1367500	Green Bay Packers
Evan Dietrich-Smith	G	565000	0	565000	Green Bay Packers
Jarius Wynn	DE	565000	0	592182	Green Bay Packers
Graham Harrell	QB	540000	630000	540000	Green Bay Packers
Tim Masthay	P	540000	0	540000	Green Bay Packers
Randall Cobb	WR	520883	666766	729414	Green Bay Packers
Andrew Quarless	TE	490000	575000	535606	Green Bay Packers
C.J. Wilson	DE	490000	575000	502588	Green Bay Packers
Frank Zombo	LB	490000	0	491166	Green Bay Packers
James Starks	RB	490000	575000	515075	Green Bay Packers
Marshall Newhouse	G	490000	575000	527500	Green Bay Packers
Michael Neal	DT	490000	575000	902750	Green Bay Packers
Morgan Burnett	S	490000	575000	708775	Green Bay Packers
Rob Francois	LB	490000	0	490000	Green Bay Packers
Sam Shields	CB	490000	0	492500	Green Bay Packers
Tom Crabtree	TE	490000	0	490000	Green Bay Packers
Alexander Green	RB	465000	555000	601250	Green Bay Packers
Brandon Saine	RB	465000	555000	465000	Green Bay Packers
D.J. Smith	LB	465000	555000	465000	Green Bay Packers
D.J. Williams	TE	465000	555000	514500	Green Bay Packers
Davon House	CB	465000	555000	540145	Green Bay Packers
Jamari Lattimore	LB	465000	555000	466667	Green Bay Packers
Lawrence Guy	DT	465000	555000	476475	Green Bay Packers
M.D. Jennings	CB	465000	555000	465833	Green Bay Packers
Ray Dominguez	G	465000	555000	465000	Green Bay Packers
Ryan Taylor	TE	465000	555000	479794	Green Bay Packers
Vic So'oto	LB	465000	555000	467833	Green Bay Packers
Shaky Smithson	WR	390000	465000	390000	Green Bay Packers
Jared Allen	DE	11619850	14280612	14203183	Minnesota Vikings
Adrian Peterson	RB	8000000	11250000	8000000	Minnesota Vikings
Kevin Williams	DT	7000000	7000000	7000000	Minnesota Vikings
Chad Greenway	LB	5900000	6900000	7700000	Minnesota Vikings
Antoine Winfield	CB	3000000	3000000	3280000	Minnesota Vikings
John Sullivan	C	3000000	0	3000000	Minnesota Vikings
Charlie Johnson	T	2950000	2950000	3950000	Minnesota Vikings
John Carlson	TE	2900000	2900000	4150000	Minnesota Vikings
Michael Jenkins	WR	2500000	2500000	3166666	Minnesota Vikings
Remi Ayodele	DT	2200000	2200000	3033333	Minnesota Vikings
Cedric Griffin (buyout)	CB	2000000	0	2000000	Minnesota Vikings
Ryan Longwell	K	1750000	2500000	2625000	Minnesota Vikings
Brian Robison	DE	1726000	864000	3892667	Minnesota Vikings
Sage Rosenfels	QB	1450000	1450000	1450000	Minnesota Vikings
Chris Kluwe	P	1300000	1400000	1542857	Minnesota Vikings
Joe Berger	G	1000000	0	1000000	Minnesota Vikings
Percy Harvin	WR	915000	1550000	1355000	Minnesota Vikings
Eric Frampton	S	850000	950000	1183333	Minnesota Vikings
Cullen Loeffler	LS	840000	915000	840000	Minnesota Vikings
Christian Ponder	QB	836759	0	2306759	Minnesota Vikings
Phillip Loadholt	T	615000	0	918750	Minnesota Vikings
Kyle Rudolph	TE	585448	555000	1052239	Minnesota Vikings
Asher Allen	CB	565000	0	746375	Minnesota Vikings
Jamarca Sanford	S	565000	0	577318	Minnesota Vikings
Jasper Brinkley	LB	565000	0	611500	Minnesota Vikings
Andrew Sendejo	S	540000	0	540000	Minnesota Vikings
Mickey Shuler	TE	540000	0	540000	Minnesota Vikings
Patrick Brown	T	540000	0	540000	Minnesota Vikings
Chris Cook	CB	490000	575000	1065000	Minnesota Vikings
Everson Griffen	DE	490000	575000	625000	Minnesota Vikings
Joe Webb	QB	490000	575000	513000	Minnesota Vikings
Toby Gerhart	RB	490000	575000	974750	Minnesota Vikings
Brandon Burton	CB	465000	555000	507250	Minnesota Vikings
Brandon Fusco	C	465000	555000	488556	Minnesota Vikings
Christian Ballard	DT	465000	555000	566888	Minnesota Vikings
D'Aundre Reed	DE	465000	555000	477563	Minnesota Vikings
DeMarcus Love	T	465000	555000	465000	Minnesota Vikings
Emmanuel Arceneaux	WR	465000	555000	465000	Minnesota Vikings
Jordan Todman	RB	465000	555000	465000	Minnesota Vikings
Larry Dean	LB	465000	555000	465000	Minnesota Vikings
Mistral Raymond	S	465000	555000	489483	Minnesota Vikings
Ryan D'Imperio	LB	465000	555000	465000	Minnesota Vikings
Stephen Burton	WR	465000	555000	465000	Minnesota Vikings
Marcus Sherels	CB	415000	0	415000	Minnesota Vikings
Caleb King	RB	390000	480000	390000	Minnesota Vikings
McLeod Bethel-Thompson	QB	390000	480000	392500	Minnesota Vikings
Anthony Herrera (buyout)	G	100000	0	100000	Minnesota Vikings
Ray Rice	RB	7700000	0	7700000	Baltimore Ravens
Ed Reed	S	7200000	0	10025000	Baltimore Ravens
Joe Flacco	QB	6760000	0	8860000	Baltimore Ravens
Anquan Boldin	WR	6000000	6000000	6000000	Baltimore Ravens
Ray Lewis	LB	4950000	5400000	4950000	Baltimore Ravens
Terrell Suggs	DT	4900000	4900000	11183333	Baltimore Ravens
Marshal Yanda	G	4500000	4500000	6500000	Baltimore Ravens
Bryant McKinnie	T	3200000	0	4200000	Baltimore Ravens
Vonta Leach	FB	3000000	3000000	4333333	Baltimore Ravens
Haloti Ngata	DT	2900000	4000000	17900000	Baltimore Ravens
Chris Carr (Buyout)	CB	2850000	0	2850000	Baltimore Ravens
Domonique Foxworth (Buyout)	CB	2700000	0	2700000	Baltimore Ravens
Billy Cundiff	K	2200000	2300000	2800000	Baltimore Ravens
Sam Koch	P	1600000	1900000	2000000	Baltimore Ravens
Bernard Pollard	S	1250000	0	1750000	Baltimore Ravens
Michael Oher	T	865000	1685000	2040000	Baltimore Ravens
Jimmy Smith	CB	714000	1053000	1695500	Baltimore Ravens
Paul Kruger	DE	615000	0	865000	Baltimore Ravens
Arthur Jones	DT	540000	0	584500	Baltimore Ravens
Torrey Smith	WR	529000	683000	765725	Baltimore Ravens
David Reed	WR	490000	0	534667	Baltimore Ravens
Dennis Pitta	TE	490000	0	613667	Baltimore Ravens
Ed Dickson	TE	490000	0	710833	Baltimore Ravens
Emanuel Cook	CB	490000	0	490000	Baltimore Ravens
Ramon Harewood	T	490000	0	514723	Baltimore Ravens
Terrence Cody	DT	490000	575000	770000	Baltimore Ravens
Anthony Allen	RB	465000	555000	477500	Baltimore Ravens
Chykie Brown	CB	465000	555000	501140	Baltimore Ravens
Jah Reid	T	465000	555000	605810	Baltimore Ravens
Michael McAdoo	DT	465000	555000	466667	Baltimore Ravens
Pernell McPhee	DE	465000	555000	501140	Baltimore Ravens
Tandon Doss	WR	465000	555000	568140	Baltimore Ravens
Tyrod Taylor	QB	465000	555000	491275	Baltimore Ravens
Andre Smith	T	4500000	0	4500000	Cincinnati Bengals
Nate Clements	CB	4300000	0	7300000	Cincinnati Bengals
Robert Geathers	LB	4200000	0	4200000	Cincinnati Bengals
Andrew Whitworth	G	3185000	3400000	4185000	Cincinnati Bengals
Domata Peko	DT	3175000	3300000	3175000	Cincinnati Bengals
Mike Nugent	K	2665000	0	2665000	Cincinnati Bengals
Kyle Cook	C	2500000	2500000	3500000	Cincinnati Bengals
Thomas Howard	LB	2400000	0	2400000	Cincinnati Bengals
Keith Rivers	LB	2160000	2000000	2405000	Cincinnati Bengals
Chris Crocker	S	1917000	0	2292000	Cincinnati Bengals
Bruce Gradkowski	QB	1800000	0	1800000	Cincinnati Bengals
Leon Hall	CB	1600000	6500000	8400000	Cincinnati Bengals
Michael Johnson	DE	1408000	0	1838000	Cincinnati Bengals
A.J. Green	WR	1269913	2164826	4469913	Cincinnati Bengals
Kevin Huber	P	1260000	0	1308750	Cincinnati Bengals
Brian Leonard	RB	950000	0	950000	Cincinnati Bengals
Jermaine Greshman	TE	690250	975500	2610250	Cincinnati Bengals
Rey Maualuga	LB	615000	0	1142500	Cincinnati Bengals
Andy Dalton	QB	612009	749018	1362009	Cincinnati Bengals
Bernard Scott	RB	565000	0	584375	Cincinnati Bengals
Brandon Tate	WR	565000	0	761870	Cincinnati Bengals
Brandon Ghee	CB	540000	575000	703250	Cincinnati Bengals
Cedric Peerman	RB	540000	0	540000	Cincinnati Bengals
Jeromy Miles	CB	540000	0	540000	Cincinnati Bengals
Nick Hayden	DT	540000	0	540000	Cincinnati Bengals
Otis Hudson	T	540000	0	540000	Cincinnati Bengals
Taylor Mays	S	540000	575000	1058750	Cincinnati Bengals
Vincent Rey	LB	540000	0	540000	Cincinnati Bengals
Carlos Dunlap	DE	490000	575000	957250	Cincinnati Bengals
Geno Atkins	DT	490000	575000	608112	Cincinnati Bengals
Jordan Shipley	WR	490000	575000	679250	Cincinnati Bengals
Roddrick Muckelroy	LB	490000	575000	596250	Cincinnati Bengals
Andrew Hawkins	WR	465000	0	465000	Cincinnati Bengals
Clint Boling	G	465000	555000	577000	Cincinnati Bengals
Colin Cochart	TE	465000	555000	465000	Cincinnati Bengals
Dontay Moch	LB	465000	555000	639750	Cincinnati Bengals
Robert Sands	S	465000	555000	518000	Cincinnati Bengals
Ryan Whalen	C	465000	555000	493250	Cincinnati Bengals
Armon Binns	WR	390000	480000	390000	Cincinnati Bengals
Morgan Trent (Buyout)	CB	84000	0	84000	Cincinnati Bengals
Joe Thomas	T	10500000	10000000	11900000	Cleveland Browns
Joe Haden	CB	5765505	6936429	9765505	Cleveland Browns
Chris Gocong	LB	4500000	4450000	5012500	Cleveland Browns
Phil Dawson	K	3810000	0	3810000	Cleveland Browns
Sheldon Brown	CB	3700000	0	5366667	Cleveland Browns
Scott Fujita	LB	3650000	0	4316667	Cleveland Browns
D'Qwell Jackson	LB	3400000	3600000	6200000	Cleveland Browns
Jaqua Parker	DE	3000000	0	3000000	Cleveland Browns
Seneca Wallace	QB	3000000	3000000	3000000	Cleveland Browns
Benjamin Watson	TE	2880000	0	4996666	Cleveland Browns
Usama Young	CB	2000000	0	2000000	Cleveland Browns
Alex Mack	C	1903000	3132000	2463000	Cleveland Browns
Evan Moore	TE	1868750	2250000	1868750	Cleveland Browns
Brandon Jackson	RB	1650000	0	2250000	Cleveland Browns
Joshua Cribbs	WR	1438000	0	1438000	Cleveland Browns
Frostee Rucker	DE	1000000	2500000	2000000	Cleveland Browns
Tony Pashos (Buyout)	T	1000000	0	1000000	Cleveland Browns
Phil Taylor	DT	748000	0	1866000	Cleveland Browns
Raymond Ventrone	S	700000	0	1366667	Cleveland Browns
Reggie Hodges	P	650000	0	650000	Cleveland Browns
Marcus Benard	LB	615000	0	615000	Cleveland Browns
Mohamed Massaquoi	WR	615000	0	620750	Cleveland Browns
Jabaal Sheard	DT	608000	0	1165000	Cleveland Browns
Kaluka Maiava	LB	565000	0	752500	Cleveland Browns
Brian Schaefering	DT	540000	0	540000	Cleveland Browns
Chris Ogbonnaya	RB	540000	0	540000	Cleveland Browns
Dan Gronkowski	TE	540000	0	540000	Cleveland Browns
Shawn Lauvao	G	540000	575000	714250	Cleveland Browns
Carlton Mitchell	WR	490000	575000	518362	Cleveland Browns
Colt McCoy	QB	490000	575000	677750	Cleveland Browns
Montario Hardesty	RB	490000	575000	740000	Cleveland Browns
T.J. Ward	S	490000	575000	1252000	Cleveland Browns
Greg Little	WR	476250	602500	706250	Cleveland Browns
Auston English	DT	465000	0	465000	Cleveland Browns
Ben Jacobs	LB	465000	0	465000	Cleveland Browns
Buster Skrine	CB	465000	555000	518000	Cleveland Browns
Eric Hagg	S	465000	555000	476250	Cleveland Browns
James Dockery	CB	465000	555000	471667	Cleveland Browns
Jason Pinkston	T	465000	555000	465000	Cleveland Browns
Jordan Cameron	TE	465000	555000	585000	Cleveland Browns
Jordan Norwood	WR	465000	0	465000	Cleveland Browns
Owen Marecic	RB	465000	555000	565000	Cleveland Browns
Thaddeus Lewis	QB	465000	0	465000	Cleveland Browns
Emmanuel Stephens	DT	415000	0	415000	Cleveland Browns
Troy Polamalu	S	6250000	7500000	6250000	Pittsburgh Steelers
James Harrison	LB	5565000	6570000	9680500	Pittsburgh Steelers
Heath Miller	TE	4274000	5162000	7070500	Pittsburgh Steelers
Larry Foote	LB	3000000	0	3600000	Pittsburgh Steelers
Ryan Clark	S	3000000	3500000	4250000	Pittsburgh Steelers
Casey Hampton	T	2890000	0	5056667	Pittsburgh Steelers
Chris Kemoeatu (buyout)	G	2869334	0	2869334	Pittsburgh Steelers
Brett Keisel	DE	2825000	2825000	4500000	Pittsburgh Steelers
Jonathan Scott	T	2200000	0	2200000	Pittsburgh Steelers
Shaun Suisham	K	1350000	1400000	1687500	Pittsburgh Steelers
Will Allen	CB	1280000	0	1605000	Pittsburgh Steelers
Hines Ward (buyout)	WR	1220000	0	1220000	Pittsburgh Steelers
James Farrior (buyout)	LB	1000000	0	1000000	Pittsburgh Steelers
Ben Roethilsberger	QB	900000	11600000	8895000	Pittsburgh Steelers
Aaron Smith (buyout)	DE	875000	0	875000	Pittsburgh Steelers
Greg Warren	LS	825000	0	975000	Pittsburgh Steelers
Ike Taylor	CB	825000	6000000	4279166	Pittsburgh Steelers
LaMarr Woodley	LB	700000	9000000	4940000	Pittsburgh Steelers
Lawrence Timmons	LB	700000	5375000	3985000	Pittsburgh Steelers
Willie Colon	T	700000	5500000	2850000	Pittsburgh Steelers
Cameron Heyward	DE	679774	984548	1522274	Pittsburgh Steelers
Maurkice Pouncey	C	666125	977250	2986125	Pittsburgh Steelers
Rashard Mendenhall	RB	650000	0	2016000	Pittsburgh Steelers
Evander Hood	DE	615000	660000	1644000	Pittsburgh Steelers
Chris Scott	G	540000	0	586667	Pittsburgh Steelers
Derrick Williams	WR	540000	0	540000	Pittsburgh Steelers
Jeremy Kapinos	P	540000	0	540000	Pittsburgh Steelers
Troy Smith	QB	525000	0	525000	Pittsburgh Steelers
Al Woods	DT	490000	575000	0	Pittsburgh Steelers
Antonio Brown	WR	490000	0	514358	Pittsburgh Steelers
Emmanuel Sanders	WR	490000	0	685356	Pittsburgh Steelers
Jason Worilds	LB	490000	575000	965000	Pittsburgh Steelers
Jonathan Dwyer	RB	490000	0	515946	Pittsburgh Steelers
Stevenson Sylvester	LB	490000	0	528853	Pittsburgh Steelers
Baron Batch	RB	465000	555000	476628	Pittsburgh Steelers
Chris Carter	LB	465000	555000	506000	Pittsburgh Steelers
Cortez Allen	CB	465000	555000	563000	Pittsburgh Steelers
Curtis Brown	CB	465000	555000	595250	Pittsburgh Steelers
Da'Mon Cromartie-Smith	CB	465000	555000	465000	Pittsburgh Steelers
Marcus Gilbert	T	465000	555000	676750	Pittsburgh Steelers
Morty Ivy	LB	465000	555000	465000	Pittsburgh Steelers
Weslye Saunders	TE	465000	630000	466333	Pittsburgh Steelers
Chad Spann	RB	390000	0	390000	Pittsburgh Steelers
Corbin Bryant	DT	390000	0	390000	Pittsburgh Steelers
David Gilreath	WR	390000	0	390000	Pittsburgh Steelers
Jamie McCoy	TE	390000	0	390000	Pittsburgh Steelers
Jerrod Johnson	QB	390000	0	390000	Pittsburgh Steelers
Jimmy Young	WR	390000	0	390000	Pittsburgh Steelers
John Clay	RB	390000	480000	390000	Pittsburgh Steelers
John Malecki	G	390000	0	390000	Pittsburgh Steelers
Juamorris Stewart	WR	390000	0	390000	Pittsburgh Steelers
Kade Weston	DT	390000	0	390000	Pittsburgh Steelers
Marshall McFadden	LB	390000	0	390000	Pittsburgh Steelers
Mike Blanc	DT	390000	0	390000	Pittsburgh Steelers
Trevis Turner	T	390000	0	390000	Pittsburgh Steelers
Tyler Beiler	 	390000	0	390000	Pittsburgh Steelers
Bryant McFadden (buyout)	CB	166667	0	166667	Pittsburgh Steelers
Matt Ryan	QB	11500000	10000000	13000000	Atlanta Falcons
Brent Grimes	CB	10431000	0	10431000	Atlanta Falcons
Roddy White	WR	5500000	5600000	8025000	Atlanta Falcons
Dunta Robinson	CB	5000000	8000000	6400000	Atlanta Falcons
Michael Turner	RB	5000000	5500000	7500000	Atlanta Falcons
Jonathan Babineaux	DT	4100000	4700000	5696000	Atlanta Falcons
Tony Gonzalez	TE	3900000	0	5900000	Atlanta Falcons
Ovie Mughelli	RB	3000000	0	3833333	Atlanta Falcons
Ray Edwards	DE	3000000	5500000	5200000	Atlanta Falcons
Sam Baker	T	2576250	0	2576250	Atlanta Falcons
Justin Blalock	G	2500000	4500000	4800000	Atlanta Falcons
Tyson Clabo	T	2500000	4500000	4750000	Atlanta Falcons
Stephen Nicholas	LB	2300000	0	3500000	Atlanta Falcons
Matt Bryant	K	2050000	2400000	2050000	Atlanta Falcons
John Abraham	DE	1500000	3250000	4406000	Atlanta Falcons
Thomas DeCoud	S	1400000	1900000	2000000	Atlanta Falcons
Vance Walker	DT	1260000	0	1260000	Atlanta Falcons
Julio Jones	WR	1110625	1846250	3678125	Atlanta Falcons
Jamaal Anderson (Buyout)	DE	1100000	0	1100000	Atlanta Falcons
Kroy Biermann	LB	1100000	2400000	2133333	Atlanta Falcons
Will Svitek	T	951000	0	951000	Atlanta Falcons
Chauncey Davis (Buyout)	DE	900000	0	900000	Atlanta Falcons
Peria Jerry	DT	845000	905000	845000	Atlanta Falcons
Sean Weatherspoon	LB	726250	1047500	826250	Atlanta Falcons
Jason Snelling	RB	700000	850000	1058333	Atlanta Falcons
Mike Cox	FB	700000	0	700000	Atlanta Falcons
Christopher Owens	CB	565000	0	737000	Atlanta Falcons
Garrett Reynolds	T	565000	0	610150	Atlanta Falcons
Lawrence Sidbury	DE	565000	0	675250	Atlanta Falcons
Spencer Adkins	LB	565000	0	594762	Atlanta Falcons
William Moore	S	565000	0	840000	Atlanta Falcons
Antoine Smith	RB	540000	0	540000	Atlanta Falcons
Joe Hawley	G	540000	575000	660000	Atlanta Falcons
Michael Palmer	TE	540000	0	540000	Atlanta Falcons
Mike Johnson	G	540000	575000	700500	Atlanta Falcons
Akeem Dent	LB	500000	625000	635625	Atlanta Falcons
Corey Peters	DT	490000	575000	681750	Atlanta Falcons
Dominique Franks	CB	490000	575000	542762	Atlanta Falcons
Kerry Meier	WR	490000	575000	529250	Atlanta Falcons
Shann Schillinger	S	490000	575000	521250	Atlanta Falcons
Cliff Matthews	DE	465000	555000	495500	Atlanta Falcons
Darrin Walls	CB	465000	555000	465000	Atlanta Falcons
Jacquizz Rodgers	RB	465000	555000	512750	Atlanta Falcons
Matt Bosher	P	465000	555000	488950	Atlanta Falcons
Kevin Cone	WR	390000	480000	390000	Atlanta Falcons
Robert James	LB	390000	480000	390000	Atlanta Falcons
Michael Jenkins (Buyout)	WR	200000	0	200000	Atlanta Falcons
Jordan Gross	T	8500000	8700000	9333333	Carolina Panthers
Steve Smith	WR	7750000	0	8196464	Carolina Panthers
Chris Gamble	CB	6750000	7950000	9750000	Carolina Panthers
DeAngelo Williams	RB	5250000	4750000	8450000	Carolina Panthers
Charles Johnson	DE	4750000	6750000	10000000	Carolina Panthers
Greg Olsen	TE	3000000	3750000	4125000	Carolina Panthers
James Anderson	LB	2400000	2900000	3900000	Carolina Panthers
Travelle Wharton (Buyout)	T	2400000	0	2400000	Carolina Panthers
Olindo Mare	K	2100000	2200000	3200000	Carolina Panthers
Ron Edwards	DT	1500000	2750000	2333333	Carolina Panthers
Ryan Kalil	C	1500000	4750000	4500000	Carolina Panthers
Cam Newton	QB	1376159	2377318	5005659	Carolina Panthers
Jonathan Stewart	RB	1311250	0	2611250	Carolina Panthers
Captain Munnerlyn	CB	1308000	0	1323000	Carolina Panthers
Jon Beason	LB	1250000	5250000	4833333	Carolina Panthers
Jeff Otah	T	1067250	0	2354450	Carolina Panthers
Ben Hartsock	TE	840000	0	1040000	Carolina Panthers
Darius Butler	CB	770000	0	1320620	Carolina Panthers
Lee Ziemba	T	735000	735000	835000	Carolina Panthers
Charles Godfrey	S	700000	1600000	2633333	Carolina Panthers
Jyles Tucker	LB	700000	0	700000	Carolina Panthers
Mike Tolbert	FB	700000	1000000	1125000	Carolina Panthers
Thomas Davis	LB	700000	4250000	2350000	Carolina Panthers
Gary Barnidge	TE	615000	0	640000	Carolina Panthers
J.J. Jansen	LS	615000	715000	765000	Carolina Panthers
Kion Wilson	LB	615000	0	615000	Carolina Panthers
Mike Goodson	RB	615000	0	625500	Carolina Panthers
Ogemdi Nwaguo	DT	615000	0	615000	Carolina Panthers
Sherrod Martin	S	615000	0	859750	Carolina Panthers
Jason Williams	LB	565000	0	740800	Carolina Panthers
Garry Williams	T	550000	900000	783333	Carolina Panthers
Brandon LaFell	WR	540000	575000	743500	Carolina Panthers
Greg Hardy	DE	540000	575000	568946	Carolina Panthers
Jason Phillips	LB	540000	0	540000	Carolina Panthers
Andre Neblett	DT	490000	0	490000	Carolina Panthers
Armanti Edwards	WR	490000	575000	667500	Carolina Panthers
David Gettis	WR	490000	575000	513500	Carolina Panthers
Eric Norwood	LB	490000	575000	604600	Carolina Panthers
Jimmy Clausen	QB	490000	575000	490000	Carolina Panthers
Jordan Pugh	CB	490000	575000	510818	Carolina Panthers
Brandon Hogan	CB	465000	555000	640000	Carolina Panthers
Bryant Browning	G	465000	555000	465000	Carolina Panthers
Byron Bell	T	465000	0	469667	Carolina Panthers
Darvin Adams	WR	465000	555000	465000	Carolina Panthers
Frank Kearse	DT	465000	555000	465000	Carolina Panthers
Johsua Thomas	CB	465000	555000	507237	Carolina Panthers
Kealoha Pilares	K	465000	555000	556668	Carolina Panthers
Richie Brockel	RB	465000	0	465000	Carolina Panthers
Sione Fua	DT	465000	555000	593500	Carolina Panthers
Terrell McClain	DT	465000	555000	640750	Carolina Panthers
Thomas Keiser	DT	465000	555000	465000	Carolina Panthers
Zachary Williams	G	465000	555000	479175	Carolina Panthers
Jeff Byers	C	415000	0	415000	Carolina Panthers
Justin Medlock	KR	390000	480000	390000	Carolina Panthers
Drew Brees	QB	15760000	0	15760000	New Orleans Saints
Sedrick Ellis	DT	5816000	0	7757000	New Orleans Saints
Jabari Greer	CB	5400000	0	6150000	New Orleans Saints
Jonathan Vilma	LB	5400000	5900000	6600000	New Orleans Saints
Roman Harper	S	4500000	5250000	6250000	New Orleans Saints
Darren Sproles	RB	3500000	0	3500000	New Orleans Saints
Jermon Bushrod	T	3250000	0	6750000	New Orleans Saints
Devery Henderson	WR	2650000	0	3525000	New Orleans Saints
Pierre Thomas	RB	2160000	2100000	2260000	New Orleans Saints
Lance Moore	WR	2000000	2500000	4600000	New Orleans Saints
Zach Strief	T	1917000	0	2167000	New Orleans Saints
Scott Shanle	LB	1750000	0	2950000	New Orleans Saints
Will Herring	LB	1300000	1500000	1733333	New Orleans Saints
David Thomas	TE	1100000	1500000	1600000	New Orleans Saints
Malcolm Jenkins	CB	1092000	2264000	1142000	New Orleans Saints
Will Smith	DE	825000	9000000	7312500	New Orleans Saints
Korey Hall	RB	750000	0	1050000	New Orleans Saints
Cameron Jordan	DE	726427	1077855	1756427	New Orleans Saints
Mark Ingram	RB	712125	1049000	809375	New Orleans Saints
Chase Daniel	QB	700000	0	1000000	New Orleans Saints
Garret Hartley	K	700000	734000	1750000	New Orleans Saints
Jahri Evans	G	700000	7200000	3560000	New Orleans Saints
Thomas Morstead	P	565000	0	606250	New Orleans Saints
Adrian Arrington	WR	540000	0	540000	New Orleans Saints
Brian De La Puente	G	540000	0	540000	New Orleans Saints
Jimmy Graham	TE	540000	575000	706285	New Orleans Saints
Jonathon Amaya	CB	540000	0	540000	New Orleans Saints
Justin Drescher	C	540000	0	540000	New Orleans Saints
Patrick Robinson	CB	527500	725000	1127500	New Orleans Saints
Johnny Patrick	CB	509000	0	645250	New Orleans Saints
Martez Wilson	LB	509000	0	671000	New Orleans Saints
Charles Brown	T	495000	575000	745000	New Orleans Saints
Chris Ivory	RB	490000	0	491667	New Orleans Saints
Greg Romeus	DE	490000	0	502500	New Orleans Saints
Junior Galette	DT	490000	0	491667	New Orleans Saints
Matt Tennant	C	490000	575000	533500	New Orleans Saints
Eric Olsen	C	465000	0	465000	New Orleans Saints
Isa Abdul-Quddus	CB	465000	555000	465000	New Orleans Saints
Jeremiha Hunter	LB	465000	555000	465000	New Orleans Saints
Michael Higgins	TE	465000	0	465000	New Orleans Saints
Tom Johnson	DT	465000	555000	465000	New Orleans Saints
Jed Collins	TE	415000	500000	415000	New Orleans Saints
Nathan Bussey	LB	390000	480000	390000	New Orleans Saints
Vincent Jackson	WR	11000000	13000000	13000000	Tampa Bay Buccaneers
Davin Joseph	G	9500000	6000000	9500000	Tampa Bay Buccaneers
Eric Wright	CB	7750000	7750000	7750000	Tampa Bay Buccaneers
Josh Freeman	QB	6585000	8430000	8585000	Tampa Bay Buccaneers
Gerald McCoy	DT	6547500	8021250	11147500	Tampa Bay Buccaneers
Carl Nicks	G	6500000	12500000	12500000	Tampa Bay Buccaneers
Quincy Black	LB	5500000	5500000	5750000	Tampa Bay Buccaneers
Donald Penn	T	5100000	5000000	5633333	Tampa Bay Buccaneers
Jeremy Trueblood	T	5000000	0	5000000	Tampa Bay Buccaneers
Jeremy Zuttah	G	3375000	3625000	3875000	Tampa Bay Buccaneers
Kellen Winslow	TE	3300000	4500000	4466667	Tampa Bay Buccaneers
Michael Koenen	P	3000000	3250000	3000000	Tampa Bay Buccaneers
Michael Bennett	DT	2742000	0	2742000	Tampa Bay Buccaneers
Connor Barth	K	2665000	0	2665000	Tampa Bay Buccaneers
Jeff Faine (buyout)	C	2400000	0	2400000	Tampa Bay Buccaneers
Tanard Jackson	S	2000000	0	3000000	Tampa Bay Buccaneers
Aqib Talib	CB	1852500	0	2152500	Tampa Bay Buccaneers
E.J. Biggers	CB	1440000	0	1455000	Tampa Bay Buccaneers
Roy Miller	DT	1370000	0	1562500	Tampa Bay Buccaneers
Adam Hayward	LB	1105700	1257000	1105700	Tampa Bay Buccaneers
Sammie Stroughter	WR	1000000	0	1012000	Tampa Bay Buccaneers
Tim Crowder	DE	1000000	0	1000000	Tampa Bay Buccaneers
Dan Orlovsky	QB	900000	1500000	1000000	Tampa Bay Buccaneers
Adrian Clayborn	DE	748189	1121378	1865947	Tampa Bay Buccaneers
Andrew Economos	LS	700000	0	895000	Tampa Bay Buccaneers
Frank Okam	DT	700000	0	700000	Tampa Bay Buccaneers
John McCargo	DT	700000	0	700000	Tampa Bay Buccaneers
Rudy Carpenter	QB	615000	0	615000	Tampa Bay Buccaneers
Da'Quan Bowers	DE	550256	725512	876256	Tampa Bay Buccaneers
Derek Hardman	T	540000	575000	540000	Tampa Bay Buccaneers
Erik Lorig	DE	540000	575000	540000	Tampa Bay Buccaneers
George Johnson	DT	540000	630000	540000	Tampa Bay Buccaneers
Jacob Cutrera	LB	540000	0	540000	Tampa Bay Buccaneers
LeGarrette Blount	RB	540000	0	540000	Tampa Bay Buccaneers
Myron Lewis	CB	540000	575000	772525	Tampa Bay Buccaneers
Preston Parker	WR	540000	0	540000	Tampa Bay Buccaneers
Ted Larsen	T	540000	575000	560075	Tampa Bay Buccaneers
Mason Foster	LB	501562	628124	632812	Tampa Bay Buccaneers
Arrelious Benn	WR	490000	575000	1015000	Tampa Bay Buccaneers
Brian Price	DT	490000	575000	2010000	Tampa Bay Buccaneers
Cody Grimm	LB	490000	575000	507000	Tampa Bay Buccaneers
Dekoda Watson	LB	490000	575000	505500	Tampa Bay Buccaneers
Dezmon Briscoe	WR	490000	575000	515625	Tampa Bay Buccaneers
Larry Asante	S	490000	575000	532500	Tampa Bay Buccaneers
Luke Stocker	TE	490000	555000	591924	Tampa Bay Buccaneers
Mike Williams	WR	490000	575000	635750	Tampa Bay Buccaneers
Ahmad Black	S	465000	555000	559232	Tampa Bay Buccaneers
Anthony Gaitor	CB	465000	555000	478750	Tampa Bay Buccaneers
Devin Holland	CB	465000	555000	465833	Tampa Bay Buccaneers
Mossis Madu	RB	465000	555000	465000	Tampa Bay Buccaneers
Johnathan Joseph	CB	7250000	7500000	9750000	Houston Texans
Matt Schaub	QB	7150000	0	8316667	Houston Texans
Antonio Smith	DE	5500000	6000000	8000000	Houston Texans
Arian Foster	RB	5000000	5250000	8000000	Houston Texans
Danieal Manning	S	3500000	4000000	4916667	Houston Texans
Kevin Walter	WR	3500000	3500000	3500000	Houston Texans
Owen Daniels	TE	3500000	4000000	3500000	Houston Texans
Jacoby Jones	WR	3000000	4000000	3150000	Houston Texans
Chris Myers	C	2500000	3500000	0	Houston Texans
Duane Brown	T	2081500	0	2661500	Houston Texans
Shaun Cody	DT	2000000	0	2000000	Houston Texans
Wade Smith	C	2000000	3000000	2000000	Houston Texans
Brice McCain	CB	1308000	0	1333437	Houston Texans
Rashad Butler	T	1300000	0	1925000	Houston Texans
Brian Cushing	LB	1153000	1593000	2359000	Houston Texans
J.J. Watt	DE	856000	0	2524000	Houston Texans
Andre Johnson	WR	700000	6200000	4848571	Houston Texans
Jacques Reeves	CB	700000	0	700000	Houston Texans
Kareem Jackson	CB	700000	995000	2013000	Houston Texans
Antoine Caldwell	G	615000	0	816062	Houston Texans
James Casey	TE	615000	0	661250	Houston Texans
Jesse Nading	DE	615000	0	615000	Houston Texans
Tim Jamison	DT	615000	0	615000	Houston Texans
Connor Barwin	DE	565000	0	917500	Houston Texans
Glover Quin	CB	565000	0	607304	Houston Texans
Troy Nolan	S	565000	0	579565	Houston Texans
Brooks Reed	LB	546000	0	844000	Houston Texans
Andrew Gardner	T	540000	0	540000	Houston Texans
Jon Weeks	C	540000	630000	603750	Houston Texans
Brandon Harris	CB	524969	674938	749969	Houston Texans
Ben Tate	RB	490000	575000	490000	Houston Texans
Darryl Sharpton	LB	490000	575000	623735	Houston Texans
Earl Mitchell	DT	490000	575000	898375	Houston Texans
Garrett Graham	TE	490000	575000	821250	Houston Texans
Shelley Smith	G	490000	575000	516000	Houston Texans
Sherrick McManis	CB	490000	575000	538000	Houston Texans
Torri Williams	S	490000	0	490000	Houston Texans
Brett Hartmann	P	465000	555000	465000	Houston Texans
Bryan Braman	LB	465000	555000	465000	Houston Texans
Derek Newton	T	465000	555000	489000	Houston Texans
Shiloh Keo	S	465000	555000	563078	Houston Texans
T.J. Yates	QB	465000	555000	511842	Houston Texans
Thomas Austin	G	415000	0	415000	Houston Texans
Lestar Jean	WR	390000	555000	394000	Houston Texans
Rashad Carmichael	CB	390000	555000	489272	Houston Texans
Lawrence Vickers (buyout)	RB	250000	0	250000	Houston Texans
Dwight Freeney	DE	14035000	0	19035000	Indianapolis Colts
Peyton Manning (buyout)	QB	10400000	0	10400000	Indianapolis Colts
Gary Brackett (buyout)	LB	7200000	0	7200000	Indianapolis Colts
Dallas Clark (buyout)	TE	5580000	0	5580000	Indianapolis Colts
Kelvin Hayden (buyout)	CB	5400000	0	5400000	Indianapolis Colts
Antoine Bethea	S	5025000	4550000	5025000	Indianapolis Colts
Joseph Addai (buyout)	RB	3720000	0	3720000	Indianapolis Colts
Winston Justice	T	3225000	3750000	4256000	Indianapolis Colts
Adam Vinatieri	K	2700000	0	3900000	Indianapolis Colts
Melvin Bullitt (buyout)	S	2670000	0	2670000	Indianapolis Colts
Pat McAfee	P	1308000	0	1322500	Indianapolis Colts
Antonio Johnson	DT	1250000	0	1750000	Indianapolis Colts
Kerry Collins (buyout)	QB	1250000	0	1250000	Indianapolis Colts
Justin Snow	TE	890000	0	890000	Indianapolis Colts
Donald Brown	RB	865000	905000	1385000	Indianapolis Colts
Anthony Castonzo	T	738686	1102372	1816186	Indianapolis Colts
Jerry Hughes	DE	635000	870000	2370000	Indianapolis Colts
Quan Cosby	WR	615000	0	615000	Indianapolis Colts
Austin Collie	WR	565000	0	674388	Indianapolis Colts
Fili Moala	DT	565000	0	823000	Indianapolis Colts
Jerraud Powers	CB	565000	0	733750	Indianapolis Colts
Benjamin Ijalana	T	558886	742772	918886	Indianapolis Colts
Brandon King	CB	540000	0	540000	Indianapolis Colts
Jeff Linkenbach	T	540000	0	540000	Indianapolis Colts
Blair White	WR	490000	0	490000	Indianapolis Colts
Brody Eldridge	TE	490000	575000	530750	Indianapolis Colts
Chris Gronkowski	RB	490000	0	490000	Indianapolis Colts
David Caldwell	CB	490000	0	490000	Indianapolis Colts
Kavell Conner	LB	490000	575000	501250	Indianapolis Colts
Kevin Thomas	CB	490000	575000	678750	Indianapolis Colts
Patrick Angerer	LB	490000	575000	825000	Indianapolis Colts
A.J. Edds	LB	465000	0	465000	Indianapolis Colts
Chris Rucker	CB	465000	555000	490418	Indianapolis Colts
Delone Carter	RB	465000	555000	571301	Indianapolis Colts
Drake Nevis	DT	465000	555000	602250	Indianapolis Colts
Jermale Hines	S	465000	555000	465000	Indianapolis Colts
Jerrell Freeman	LB	465000	555000	465000	Indianapolis Colts
Joe Lefeged	CB	465000	555000	465000	Indianapolis Colts
Mario Addison	DT	465000	555000	0	Indianapolis Colts
Mike Holmes	CB	465000	555000	465000	Indianapolis Colts
Mike Newton	CB	465000	645000	465000	Indianapolis Colts
Ryan Mahaffey	RB	465000	555000	465000	Indianapolis Colts
Scott Lutrus	LB	465000	555000	465000	Indianapolis Colts
Terrence Johnson	CB	465000	555000	465000	Indianapolis Colts
Ricardo Matthews	DT	450000	540000	450000	Indianapolis Colts
Joe Reitz	T	405000	490000	490000	Indianapolis Colts
Jacques McClendon (buyout)	G	217500	0	217500	Indianapolis Colts
Curtis Painter (buyout)	QB	22750	0	22750	Indianapolis Colts
Paul Posluszny	LB	6500000	0	7000000	Jacksonville Jaguars
Clint Session	LB	5600000	0	5850000	Jacksonville Jaguars
Aaron Kampman	DE	4975000	6475000	8000000	Jacksonville Jaguars
Daryl Smith	LB	4700000	0	5600000	Jacksonville Jaguars
Maurice Jones-Drew	RB	4450000	4950000	8310000	Jacksonville Jaguars
Marcedes Lewis	TE	4200000	4200000	7200000	Jacksonville Jaguars
Greg Jones	FB	3400000	0	4500000	Jacksonville Jaguars
Brad Meester	C	2950000	0	3675000	Jacksonville Jaguars
Uche Nwaneri	G	2775000	3775000	4191666	Jacksonville Jaguars
Josh Scobee	K	2665000	0	2665000	Jacksonville Jaguars
Eugene Monroe	T	2182000	2622500	3977000	Jacksonville Jaguars
Dawan Landry	S	1850000	5350000	1850000	Jacksonville Jaguars
Nick Harris	P	1650000	0	2060000	Jacksonville Jaguars
Drew Coleman	CB	1575000	1575000	2625000	Jacksonville Jaguars
Jason Spitz	G	1500000	1500000	1750000	Jacksonville Jaguars
Mike Thomas	WR	1450000	1450000	6292612	Jacksonville Jaguars
Derek Cox	CB	1260000	0	1468250	Jacksonville Jaguars
Jarett Dillard	WR	1260000	0	1490075	Jacksonville Jaguars
Terrance Knighton	DT	1260000	0	1470875	Jacksonville Jaguars
Tyson Alualu	DT	1212500	1722500	4712500	Jacksonville Jaguars
Chad Henne	QB	1000000	2650000	2500000	Jacksonville Jaguars
Jeremy Mincey	DE	1000000	1525000	3000000	Jacksonville Jaguars
Laurent Robinson	WR	1000000	2600000	4600000	Jacksonville Jaguars
Montell Owens	FB	1000000	0	1250000	Jacksonville Jaguars
Rashean Mathis	CB	950000	0	2000000	Jacksonville Jaguars
Blaine Gabbert	QB	920529	1446058	2727529	Jacksonville Jaguars
Jeremy Cain	RB	850000	900000	850000	Jacksonville Jaguars
Eben Britton	T	758800	0	1233800	Jacksonville Jaguars
Ashton Youboty	CB	700000	0	700000	Jacksonville Jaguars
Guy Whimper	T	700000	1300000	1450000	Jacksonville Jaguars
Morgan Trent	CB	615000	0	615000	Jacksonville Jaguars
Trumaine McBride	CB	615000	0	615000	Jacksonville Jaguars
Brian Robiskie	WR	565000	0	1096250	Jacksonville Jaguars
Rashad Jennings	RB	565000	0	574500	Jacksonville Jaguars
Zach Miller	TE	565000	0	592750	Jacksonville Jaguars
Akwasi Owusu-Ansah	CB	540000	0	540000	Jacksonville Jaguars
Austen Lane	DE	540000	575000	586000	Jacksonville Jaguars
Brock Bolen	RB	540000	0	540000	Jacksonville Jaguars
Corvey Irvin	DT	540000	0	540000	Jacksonville Jaguars
Dan LeFevour	QB	540000	0	540000	Jacksonville Jaguars
Darcel McBath	S	540000	0	926000	Jacksonville Jaguars
Deji Karim	RB	540000	575000	567500	Jacksonville Jaguars
George Selvie	DE	540000	0	540000	Jacksonville Jaguars
Zach Potter	TE	540000	0	540000	Jacksonville Jaguars
Will Rackley	G	507467	639934	661217	Jacksonville Jaguars
Cecil Shorts	WR	505000	0	615750	Jacksonville Jaguars
D'Anthony Smith	DT	490000	575000	702500	Jacksonville Jaguars
Taylor Price	WR	490000	575000	674270	Jacksonville Jaguars
Aaron Morgan	DT	465000	0	465000	Jacksonville Jaguars
Cameron Bradfield	T	465000	555000	465000	Jacksonville Jaguars
Chris Prosinski	CB	465000	555000	564000	Jacksonville Jaguars
Colin Cloherty	TE	465000	0	465000	Jacksonville Jaguars
DuJuan Harris	RB	465000	0	465000	Jacksonville Jaguars
John Chick	DT	465000	0	465000	Jacksonville Jaguars
Richard Murphy	RB	465000	555000	465000	Jacksonville Jaguars
Roderick Issac	CB	465000	555000	465000	Jacksonville Jaguars
Stephen Franklin	LB	465000	0	465000	Jacksonville Jaguars
T.J. Heath	CB	465000	0	465000	Jacksonville Jaguars
John Estes	C	415000	0	418000	Jacksonville Jaguars
Kyle Bosworth	LB	415000	0	415667	Jacksonville Jaguars
Jammie Kirlew	DE	390000	0	390000	Jacksonville Jaguars
Kevin Haslam (buyout)	T	3333	0	3333	Jacksonville Jaguars

